2025-12-28 19:36:15,407 - INFO - 所有文件夹创建完成，全局日志保存至：./stock_training_results\logs\stock_gradient_training_pytorch.log
2025-12-28 19:36:15,410 - INFO - 总股票文件数：7195
2025-12-28 19:36:15,569 - WARNING - 预留测试股票wrlsr.us数据量不足，跳过（需至少110条数据）
2025-12-28 19:36:15,759 - WARNING - 预留测试股票iam.us数据量不足，跳过（需至少110条数据）
2025-12-28 19:36:15,933 - INFO - 预留测试股票加载完成：共23支有效测试股票
2025-12-28 19:36:15,935 - INFO - 可用于训练的股票文件数：7170，开始遍历收集0支有效训练股票...
2025-12-28 19:36:15,935 - INFO - 训练股票收集完成：成功获取0支有效训练股票（目标0支）
2025-12-28 19:36:15,936 - INFO - 
=====================================
2025-12-28 19:36:15,936 - INFO - 开始处理股票数量：1
2025-12-28 19:36:15,936 - INFO - =====================================

2025-12-28 19:36:15,939 - INFO - 总股票文件数：7195
2025-12-28 19:36:16,516 - INFO - 预留测试股票加载完成：共25支有效测试股票
2025-12-28 19:36:16,518 - INFO - 可用于训练的股票文件数：7170，开始遍历收集1支有效训练股票...
2025-12-28 19:36:16,531 - INFO - 训练股票收集完成：成功获取1支有效训练股票（目标1支）
2025-12-28 19:36:17,660 - INFO - 序列构造完成：总样本数3112，序列长度60，特征数9
2025-12-28 19:36:17,696 - INFO - 数据集划分：训练集(2489, 60, 9)，验证集(311, 60, 9)，内部测试集(312, 60, 9)
2025-12-28 19:36:22,823 - INFO - 当前模型训练日志将保存至：./stock_training_results\logs\training_log_stockCount_1_LSTM_pytorch.csv
2025-12-28 19:36:22,823 - INFO - 开始训练LSTM模型（股票数量：1，设备：cpu）
2025-12-28 19:36:25,681 - INFO - Epoch [5/50], Train Loss: 0.008721, Val Loss: 0.000536
2025-12-28 19:36:26,244 - INFO - EarlyStopping counter: 1 out of 5
2025-12-28 19:36:26,804 - INFO - EarlyStopping counter: 2 out of 5
2025-12-28 19:36:27,341 - INFO - EarlyStopping counter: 3 out of 5
2025-12-28 19:36:27,882 - INFO - EarlyStopping counter: 4 out of 5
2025-12-28 19:36:28,434 - INFO - Epoch [10/50], Train Loss: 0.004319, Val Loss: 0.000632
2025-12-28 19:36:28,434 - INFO - EarlyStopping counter: 5 out of 5
2025-12-28 19:36:28,434 - INFO - Restored best model weights from early stopping
2025-12-28 19:36:28,434 - INFO - Early stopping triggered at epoch 10
2025-12-28 19:36:28,435 - INFO - 模型权重保存至：./stock_training_results\models\model_stockCount_1_LSTM_pytorch.pth
2025-12-28 19:36:29,032 - INFO - 损失曲线保存至：./stock_training_results\loss_curves\loss_curve_stockCount_1_LSTM_pytorch.png
2025-12-28 19:36:29,062 - INFO - 当前模型训练日志将保存至：./stock_training_results\logs\training_log_stockCount_1_GRU_pytorch.csv
2025-12-28 19:36:29,062 - INFO - 开始训练GRU模型（股票数量：1，设备：cpu）
2025-12-28 19:36:40,941 - INFO - Epoch [5/50], Train Loss: 0.005770, Val Loss: 0.000545
2025-12-28 19:36:48,318 - INFO - EarlyStopping counter: 1 out of 5
2025-12-28 19:36:52,967 - INFO - Epoch [10/50], Train Loss: 0.002754, Val Loss: 0.000462
2025-12-28 19:36:52,967 - INFO - EarlyStopping counter: 1 out of 5
2025-12-28 19:36:55,388 - INFO - EarlyStopping counter: 2 out of 5
2025-12-28 19:40:26,142 - INFO - 所有文件夹创建完成，全局日志保存至：./stock_training_results\logs\stock_gradient_training_pytorch.log
2025-12-28 19:40:26,145 - INFO - 总股票文件数：7195
2025-12-28 19:40:26,145 - INFO - 开始收集25只有效预留测试股票...
2025-12-28 19:40:26,255 - INFO - 预留测试股票收集进度：5/25
2025-12-28 19:40:26,372 - INFO - 预留测试股票收集进度：10/25
2025-12-28 19:40:26,456 - INFO - 预留测试股票收集进度：15/25
2025-12-28 19:40:26,568 - INFO - 预留测试股票收集进度：20/25
2025-12-28 19:40:26,627 - INFO - 预留测试股票收集进度：25/25
2025-12-28 19:40:26,627 - INFO - 预留测试股票收集完成：共25只有效股票（目标25只）
2025-12-28 19:40:26,627 - INFO - 预留测试股票数量达标！
2025-12-28 19:40:26,627 - INFO - 预留测试股票数量校验通过：25只（达标25只要求）
2025-12-28 19:40:26,627 - INFO - 
=====================================
2025-12-28 19:40:26,627 - INFO - 开始处理股票数量：1
2025-12-28 19:40:26,627 - INFO - =====================================

2025-12-28 19:40:26,630 - INFO - 总股票文件数：7195
2025-12-28 19:40:26,630 - INFO - 开始收集25只有效预留测试股票...
2025-12-28 19:40:26,712 - INFO - 预留测试股票收集进度：5/25
2025-12-28 19:40:26,789 - INFO - 预留测试股票收集进度：10/25
2025-12-28 19:40:26,803 - ERROR - 加载预留测试股票send.us失败：No columns to parse from file，继续遍历下一支
2025-12-28 19:40:26,842 - INFO - 预留测试股票收集进度：15/25
2025-12-28 19:40:26,925 - INFO - 预留测试股票收集进度：20/25
2025-12-28 19:40:27,036 - INFO - 预留测试股票收集进度：25/25
2025-12-28 19:40:27,037 - INFO - 预留测试股票收集完成：共25只有效股票（目标25只）
2025-12-28 19:40:27,037 - INFO - 预留测试股票数量达标！
2025-12-28 19:40:27,039 - INFO - 可用于训练的股票文件数：7170，开始遍历收集1只有效训练股票...
2025-12-28 19:40:27,044 - ERROR - 加载训练股票send.us失败：No columns to parse from file，继续遍历下一支
2025-12-28 19:40:27,060 - INFO - 训练股票收集完成：成功获取1只有效训练股票（目标1只）
2025-12-28 19:40:27,416 - INFO - 序列构造完成：总样本数1098，序列长度60，特征数9
2025-12-28 19:40:27,421 - INFO - 数据集划分：训练集(878, 60, 9)，验证集(109, 60, 9)，内部测试集(111, 60, 9)
2025-12-28 19:40:27,992 - INFO - 当前模型训练日志将保存至：./stock_training_results\logs\training_log_stockCount_1_LSTM_pytorch.csv
2025-12-28 19:40:27,992 - INFO - 开始训练LSTM模型（股票数量：1，设备：cpu）
2025-12-28 19:40:28,416 - INFO - EarlyStopping counter: 1 out of 5
2025-12-28 19:40:28,611 - INFO - EarlyStopping counter: 2 out of 5
2025-12-28 19:40:28,820 - INFO - EarlyStopping counter: 3 out of 5
2025-12-28 19:40:29,014 - INFO - Epoch [5/50], Train Loss: 0.079680, Val Loss: 0.009901
2025-12-28 19:40:29,014 - INFO - EarlyStopping counter: 4 out of 5
2025-12-28 19:40:29,210 - INFO - EarlyStopping counter: 5 out of 5
2025-12-28 19:40:29,210 - INFO - Restored best model weights from early stopping
2025-12-28 19:40:29,210 - INFO - Early stopping triggered at epoch 6
2025-12-28 19:40:29,211 - INFO - 模型权重保存至：./stock_training_results\models\model_stockCount_1_LSTM_pytorch.pth
2025-12-28 19:40:29,395 - INFO - 损失曲线保存至：./stock_training_results\loss_curves\loss_curve_stockCount_1_LSTM_pytorch.png
2025-12-28 19:40:29,396 - INFO - 当前模型训练日志将保存至：./stock_training_results\logs\training_log_stockCount_1_GRU_pytorch.csv
2025-12-28 19:40:29,396 - INFO - 开始训练GRU模型（股票数量：1，设备：cpu）
2025-12-28 19:40:31,297 - INFO - EarlyStopping counter: 1 out of 5
2025-12-28 19:40:34,025 - INFO - Epoch [5/50], Train Loss: 0.014196, Val Loss: 0.002334
2025-12-28 19:40:35,786 - INFO - EarlyStopping counter: 1 out of 5
2025-12-28 19:40:36,696 - INFO - EarlyStopping counter: 2 out of 5
2025-12-28 19:40:37,626 - INFO - EarlyStopping counter: 3 out of 5
2025-12-28 19:40:38,559 - INFO - Epoch [10/50], Train Loss: 0.009933, Val Loss: 0.001634
2025-12-28 19:40:38,560 - INFO - EarlyStopping counter: 4 out of 5
2025-12-28 19:40:40,316 - INFO - EarlyStopping counter: 1 out of 5
2025-12-28 19:40:42,043 - INFO - EarlyStopping counter: 1 out of 5
2025-12-28 19:40:42,894 - INFO - Epoch [15/50], Train Loss: 0.006298, Val Loss: 0.001028
2025-12-28 19:40:42,894 - INFO - EarlyStopping counter: 2 out of 5
2025-12-28 19:40:43,728 - INFO - EarlyStopping counter: 3 out of 5
2025-12-28 19:40:44,586 - INFO - EarlyStopping counter: 4 out of 5
2025-12-28 19:40:45,375 - INFO - EarlyStopping counter: 5 out of 5
2025-12-28 19:40:45,375 - INFO - Restored best model weights from early stopping
2025-12-28 19:40:45,375 - INFO - Early stopping triggered at epoch 18
2025-12-28 19:40:45,376 - INFO - 模型权重保存至：./stock_training_results\models\model_stockCount_1_GRU_pytorch.pth
2025-12-28 19:40:45,512 - INFO - 损失曲线保存至：./stock_training_results\loss_curves\loss_curve_stockCount_1_GRU_pytorch.png
2025-12-28 19:40:45,513 - INFO - 当前模型训练日志将保存至：./stock_training_results\logs\training_log_stockCount_1_CNN-LSTM_pytorch.csv
2025-12-28 19:40:45,513 - INFO - 开始训练CNN-LSTM模型（股票数量：1，设备：cpu）
2025-12-28 19:40:46,054 - INFO - EarlyStopping counter: 1 out of 5
2025-12-28 19:40:46,169 - INFO - Epoch [5/50], Train Loss: 0.004426, Val Loss: 0.000593
2025-12-28 19:40:46,294 - INFO - EarlyStopping counter: 1 out of 5
2025-12-28 19:40:46,582 - INFO - EarlyStopping counter: 1 out of 5
2025-12-28 19:40:46,781 - INFO - EarlyStopping counter: 2 out of 5
2025-12-28 19:40:46,966 - INFO - Epoch [10/50], Train Loss: 0.003444, Val Loss: 0.001041
2025-12-28 19:40:46,966 - INFO - EarlyStopping counter: 3 out of 5
2025-12-28 19:40:47,141 - INFO - EarlyStopping counter: 4 out of 5
2025-12-28 19:40:47,273 - INFO - EarlyStopping counter: 5 out of 5
2025-12-28 19:40:47,273 - INFO - Restored best model weights from early stopping
2025-12-28 19:40:47,273 - INFO - Early stopping triggered at epoch 12
2025-12-28 19:40:47,291 - INFO - 模型权重保存至：./stock_training_results\models\model_stockCount_1_CNN-LSTM_pytorch.pth
2025-12-28 19:40:47,421 - INFO - 损失曲线保存至：./stock_training_results\loss_curves\loss_curve_stockCount_1_CNN-LSTM_pytorch.png
2025-12-28 19:40:47,422 - INFO - 当前模型训练日志将保存至：./stock_training_results\logs\training_log_stockCount_1_Attention-LSTM_pytorch.csv
2025-12-28 19:40:47,423 - INFO - 开始训练Attention-LSTM模型（股票数量：1，设备：cpu）
2025-12-28 19:40:48,235 - INFO - EarlyStopping counter: 1 out of 5
2025-12-28 19:40:48,491 - INFO - EarlyStopping counter: 2 out of 5
2025-12-28 19:40:48,744 - INFO - Epoch [5/50], Train Loss: 0.016549, Val Loss: 0.000989
2025-12-28 19:40:49,008 - INFO - EarlyStopping counter: 1 out of 5
2025-12-28 19:40:49,507 - INFO - EarlyStopping counter: 1 out of 5
2025-12-28 19:40:50,025 - INFO - Epoch [10/50], Train Loss: 0.010982, Val Loss: 0.000768
2025-12-28 19:40:50,798 - INFO - EarlyStopping counter: 1 out of 5
2025-12-28 19:40:51,067 - INFO - EarlyStopping counter: 2 out of 5
2025-12-28 19:40:51,331 - INFO - Epoch [15/50], Train Loss: 0.010391, Val Loss: 0.000757
2025-12-28 19:40:51,331 - INFO - EarlyStopping counter: 3 out of 5
2025-12-28 19:40:51,592 - INFO - EarlyStopping counter: 4 out of 5
2025-12-28 19:40:51,837 - INFO - EarlyStopping counter: 5 out of 5
2025-12-28 19:40:51,838 - INFO - Restored best model weights from early stopping
2025-12-28 19:40:51,838 - INFO - Early stopping triggered at epoch 17
2025-12-28 19:40:51,840 - INFO - 模型权重保存至：./stock_training_results\models\model_stockCount_1_Attention-LSTM_pytorch.pth
2025-12-28 19:40:51,980 - INFO - 损失曲线保存至：./stock_training_results\loss_curves\loss_curve_stockCount_1_Attention-LSTM_pytorch.png
2025-12-28 19:40:52,181 - INFO - 序列构造完成：总样本数561，序列长度60，特征数9
2025-12-28 19:40:53,378 - INFO - 序列构造完成：总样本数2828，序列长度60，特征数9
2025-12-28 19:40:53,807 - INFO - 序列构造完成：总样本数585，序列长度60，特征数9
2025-12-28 19:40:54,157 - INFO - 序列构造完成：总样本数607，序列长度60，特征数9
2025-12-28 19:40:55,511 - INFO - 序列构造完成：总样本数3010，序列长度60，特征数9
2025-12-28 19:40:56,376 - INFO - 序列构造完成：总样本数1851，序列长度60，特征数9
2025-12-28 19:40:57,737 - INFO - 序列构造完成：总样本数3132，序列长度60，特征数9
2025-12-28 19:40:58,469 - INFO - 序列构造完成：总样本数1389，序列长度60，特征数9
2025-12-28 19:40:59,470 - INFO - 序列构造完成：总样本数2043，序列长度60，特征数9
2025-12-28 19:41:08,735 - INFO - 序列构造完成：总样本数8329，序列长度60，特征数9
2025-12-28 19:41:30,481 - INFO - 序列构造完成：总样本数633，序列长度60，特征数9
2025-12-28 19:41:30,752 - INFO - 序列构造完成：总样本数203，序列长度60，特征数9
2025-12-28 19:45:32,124 - INFO - 序列构造完成：总样本数12006，序列长度60，特征数9
2025-12-28 19:48:45,278 - INFO - 序列构造完成：总样本数2732，序列长度60，特征数9
2025-12-28 19:48:45,908 - INFO - 序列构造完成：总样本数491，序列长度60，特征数9
2025-12-28 19:48:47,544 - INFO - 序列构造完成：总样本数2612，序列长度60，特征数9
2025-12-28 19:48:49,579 - INFO - 序列构造完成：总样本数2931，序列长度60，特征数9
2025-12-28 19:48:50,338 - INFO - 序列构造完成：总样本数1445，序列长度60，特征数9
2025-12-28 19:48:51,706 - INFO - 序列构造完成：总样本数3131，序列长度60，特征数9
2025-12-28 19:48:53,043 - INFO - 序列构造完成：总样本数3132，序列长度60，特征数9
2025-12-28 19:48:54,919 - INFO - 序列构造完成：总样本数3132，序列长度60，特征数9
2025-12-28 19:49:07,244 - INFO - 序列构造完成：总样本数7096，序列长度60，特征数9
2025-12-28 19:49:08,793 - INFO - 序列构造完成：总样本数2518，序列长度60，特征数9
2025-12-28 19:49:09,190 - INFO - 序列构造完成：总样本数360，序列长度60，特征数9
2025-12-28 19:49:10,391 - INFO - 序列构造完成：总样本数1558，序列长度60，特征数9
2025-12-28 19:49:10,625 - INFO - 股票数量=1 - LSTM 泛化能力评估（平均）：
2025-12-28 19:49:10,635 - INFO - MAE=5.25, MSE=104.80, RMSE=5.79, R2=0.3216
2025-12-28 19:49:10,816 - INFO - 序列构造完成：总样本数561，序列长度60，特征数9
2025-12-28 19:49:13,850 - INFO - 序列构造完成：总样本数2828，序列长度60，特征数9
2025-12-28 19:49:14,404 - INFO - 序列构造完成：总样本数585，序列长度60，特征数9
2025-12-28 19:49:15,350 - INFO - 序列构造完成：总样本数607，序列长度60，特征数9
2025-12-28 19:49:16,649 - INFO - 序列构造完成：总样本数3010，序列长度60，特征数9
2025-12-28 19:49:17,554 - INFO - 序列构造完成：总样本数1851，序列长度60，特征数9
2025-12-28 19:49:18,867 - INFO - 序列构造完成：总样本数3132，序列长度60，特征数9
2025-12-28 19:49:20,200 - INFO - 序列构造完成：总样本数1389，序列长度60，特征数9
2025-12-28 19:49:21,035 - INFO - 序列构造完成：总样本数2043，序列长度60，特征数9
2025-12-28 19:49:26,763 - INFO - 序列构造完成：总样本数8329，序列长度60，特征数9
2025-12-28 19:50:09,311 - INFO - 序列构造完成：总样本数633，序列长度60，特征数9
2025-12-28 19:50:09,814 - INFO - 序列构造完成：总样本数203，序列长度60，特征数9
2025-12-28 19:56:43,861 - INFO - 序列构造完成：总样本数12006，序列长度60，特征数9
2025-12-28 20:05:05,490 - INFO - 序列构造完成：总样本数2732，序列长度60，特征数9
2025-12-28 20:05:09,581 - INFO - 序列构造完成：总样本数491，序列长度60，特征数9
2025-12-28 20:05:15,314 - INFO - 序列构造完成：总样本数2612，序列长度60，特征数9
2025-12-28 20:05:18,162 - INFO - 序列构造完成：总样本数2931，序列长度60，特征数9
2025-12-28 20:06:16,228 - INFO - 序列构造完成：总样本数1445，序列长度60，特征数9
2025-12-28 20:06:23,285 - INFO - 序列构造完成：总样本数3131，序列长度60，特征数9
2025-12-28 20:06:25,404 - INFO - 序列构造完成：总样本数3132，序列长度60，特征数9
2025-12-28 20:06:27,213 - INFO - 序列构造完成：总样本数3132，序列长度60，特征数9
2025-12-28 20:06:31,360 - INFO - 序列构造完成：总样本数7096，序列长度60，特征数9
2025-12-28 20:06:34,733 - INFO - 序列构造完成：总样本数2518，序列长度60，特征数9
2025-12-28 20:06:35,616 - INFO - 序列构造完成：总样本数360，序列长度60，特征数9
2025-12-28 20:06:37,825 - INFO - 序列构造完成：总样本数1558，序列长度60，特征数9
2025-12-28 20:06:38,434 - INFO - 股票数量=1 - GRU 泛化能力评估（平均）：
2025-12-28 20:06:38,544 - INFO - MAE=1.08, MSE=4.45, RMSE=1.25, R2=0.9430
2025-12-28 20:06:38,707 - INFO - 序列构造完成：总样本数561，序列长度60，特征数9
2025-12-28 20:06:49,382 - INFO - 序列构造完成：总样本数2828，序列长度60，特征数9
2025-12-28 20:06:50,066 - INFO - 序列构造完成：总样本数585，序列长度60，特征数9
2025-12-28 20:06:50,533 - INFO - 序列构造完成：总样本数607，序列长度60，特征数9
2025-12-28 20:06:52,603 - INFO - 序列构造完成：总样本数3010，序列长度60，特征数9
2025-12-28 20:06:53,889 - INFO - 序列构造完成：总样本数1851，序列长度60，特征数9
2025-12-28 20:06:56,578 - INFO - 序列构造完成：总样本数3132，序列长度60，特征数9
2025-12-28 20:06:57,832 - INFO - 序列构造完成：总样本数1389，序列长度60，特征数9
2025-12-28 20:07:01,987 - INFO - 序列构造完成：总样本数2043，序列长度60，特征数9
2025-12-28 20:07:07,057 - INFO - 序列构造完成：总样本数8329，序列长度60，特征数9
2025-12-28 20:07:07,913 - INFO - 序列构造完成：总样本数633，序列长度60，特征数9
2025-12-28 20:07:08,202 - INFO - 序列构造完成：总样本数203，序列长度60，特征数9
2025-12-28 20:09:30,888 - INFO - 序列构造完成：总样本数12006，序列长度60，特征数9
2025-12-28 20:11:34,191 - INFO - 序列构造完成：总样本数2732，序列长度60，特征数9
2025-12-28 20:11:35,452 - INFO - 序列构造完成：总样本数491，序列长度60，特征数9
2025-12-28 20:11:36,556 - INFO - 序列构造完成：总样本数2612，序列长度60，特征数9
2025-12-28 20:11:37,869 - INFO - 序列构造完成：总样本数2931，序列长度60，特征数9
2025-12-28 20:11:38,564 - INFO - 序列构造完成：总样本数1445，序列长度60，特征数9
2025-12-28 20:11:40,434 - INFO - 序列构造完成：总样本数3131，序列长度60，特征数9
2025-12-28 20:11:41,778 - INFO - 序列构造完成：总样本数3132，序列长度60，特征数9
2025-12-28 20:11:43,161 - INFO - 序列构造完成：总样本数3132，序列长度60，特征数9
2025-12-28 20:11:46,466 - INFO - 序列构造完成：总样本数7096，序列长度60，特征数9
2025-12-28 20:11:48,408 - INFO - 序列构造完成：总样本数2518，序列长度60，特征数9
2025-12-28 20:11:48,719 - INFO - 序列构造完成：总样本数360，序列长度60，特征数9
2025-12-28 20:11:49,396 - INFO - 序列构造完成：总样本数1558，序列长度60，特征数9
2025-12-28 20:11:49,593 - INFO - 股票数量=1 - CNN-LSTM 泛化能力评估（平均）：
2025-12-28 20:11:49,593 - INFO - MAE=1.67, MSE=11.50, RMSE=1.84, R2=0.9191
2025-12-28 20:11:49,838 - INFO - 序列构造完成：总样本数561，序列长度60，特征数9
2025-12-28 20:11:54,624 - INFO - 序列构造完成：总样本数2828，序列长度60，特征数9
2025-12-28 20:11:55,518 - INFO - 序列构造完成：总样本数585，序列长度60，特征数9
2025-12-28 20:11:56,958 - INFO - 序列构造完成：总样本数607，序列长度60，特征数9
2025-12-28 20:11:58,268 - INFO - 序列构造完成：总样本数3010，序列长度60，特征数9
2025-12-28 20:12:00,142 - INFO - 序列构造完成：总样本数1851，序列长度60，特征数9
2025-12-28 20:12:01,877 - INFO - 序列构造完成：总样本数3132，序列长度60，特征数9
2025-12-28 20:12:02,743 - INFO - 序列构造完成：总样本数1389，序列长度60，特征数9
2025-12-28 20:12:03,860 - INFO - 序列构造完成：总样本数2043，序列长度60，特征数9
2025-12-28 20:12:35,123 - INFO - 序列构造完成：总样本数8329，序列长度60，特征数9
2025-12-28 20:12:36,132 - INFO - 序列构造完成：总样本数633，序列长度60，特征数9
2025-12-28 20:12:36,694 - INFO - 序列构造完成：总样本数203，序列长度60，特征数9
2025-12-28 20:28:05,991 - INFO - 序列构造完成：总样本数12006，序列长度60，特征数9
2025-12-28 20:31:27,794 - INFO - 序列构造完成：总样本数2732，序列长度60，特征数9
2025-12-28 20:31:28,603 - INFO - 序列构造完成：总样本数491，序列长度60，特征数9
2025-12-28 20:31:30,230 - INFO - 序列构造完成：总样本数2612，序列长度60，特征数9
2025-12-28 20:31:31,661 - INFO - 序列构造完成：总样本数2931，序列长度60，特征数9
2025-12-28 20:31:33,182 - INFO - 序列构造完成：总样本数1445，序列长度60，特征数9
2025-12-28 20:31:34,610 - INFO - 序列构造完成：总样本数3131，序列长度60，特征数9
2025-12-28 20:31:37,284 - INFO - 序列构造完成：总样本数3132，序列长度60，特征数9
2025-12-28 20:31:39,204 - INFO - 序列构造完成：总样本数3132，序列长度60，特征数9
2025-12-28 20:31:43,097 - INFO - 序列构造完成：总样本数7096，序列长度60，特征数9
2025-12-28 20:31:44,688 - INFO - 序列构造完成：总样本数2518，序列长度60，特征数9
2025-12-28 20:31:45,205 - INFO - 序列构造完成：总样本数360，序列长度60，特征数9
2025-12-28 20:31:45,961 - INFO - 序列构造完成：总样本数1558，序列长度60，特征数9
2025-12-28 20:31:49,171 - INFO - 股票数量=1 - Attention-LSTM 泛化能力评估（平均）：
2025-12-28 20:31:49,181 - INFO - MAE=2.71, MSE=36.12, RMSE=3.20, R2=0.7201
2025-12-28 20:31:49,185 - INFO - 股票数量1：所有模型评估完成，结果已保存
2025-12-28 20:31:49,186 - INFO - 
=====================================
2025-12-28 20:31:49,186 - INFO - 开始处理股票数量：10
2025-12-28 20:31:49,186 - INFO - =====================================

2025-12-28 20:32:05,395 - INFO - 总股票文件数：7195
2025-12-28 20:32:05,395 - INFO - 开始收集25只有效预留测试股票...
2025-12-28 20:32:09,717 - INFO - 预留测试股票收集进度：5/25
2025-12-28 20:32:11,015 - INFO - 预留测试股票收集进度：10/25
2025-12-28 20:32:12,252 - INFO - 预留测试股票收集进度：15/25
2025-12-28 20:32:14,520 - INFO - 预留测试股票收集进度：20/25
2025-12-28 20:32:15,598 - INFO - 预留测试股票收集进度：25/25
2025-12-28 20:32:15,598 - INFO - 预留测试股票收集完成：共25只有效股票（目标25只）
2025-12-28 20:32:15,598 - INFO - 预留测试股票数量达标！
2025-12-28 20:32:15,600 - INFO - 可用于训练的股票文件数：7170，开始遍历收集10只有效训练股票...
2025-12-28 20:32:17,584 - INFO - 训练股票收集进度：10/10
2025-12-28 20:32:17,584 - INFO - 训练股票收集完成：成功获取10只有效训练股票（目标10只）
2025-12-28 20:32:22,597 - INFO - 序列构造完成：总样本数15481，序列长度60，特征数9
2025-12-28 20:32:22,739 - INFO - 数据集划分：训练集(12384, 60, 9)，验证集(1548, 60, 9)，内部测试集(1549, 60, 9)
2025-12-28 20:32:25,675 - INFO - 当前模型训练日志将保存至：./stock_training_results\logs\training_log_stockCount_10_LSTM_pytorch.csv
2025-12-28 20:32:25,834 - INFO - 开始训练LSTM模型（股票数量：10，设备：cpu）
2025-12-28 20:32:51,936 - INFO - EarlyStopping counter: 1 out of 5
2025-12-28 20:32:54,644 - INFO - EarlyStopping counter: 2 out of 5
2025-12-28 20:32:57,341 - INFO - Epoch [5/50], Train Loss: 0.002765, Val Loss: 0.004256
2025-12-28 20:32:57,341 - INFO - EarlyStopping counter: 3 out of 5
2025-12-28 20:33:00,103 - INFO - EarlyStopping counter: 4 out of 5
2025-12-28 20:33:02,818 - INFO - EarlyStopping counter: 5 out of 5
2025-12-28 20:33:02,819 - INFO - Restored best model weights from early stopping
2025-12-28 20:33:02,819 - INFO - Early stopping triggered at epoch 7
2025-12-28 20:33:03,272 - INFO - 模型权重保存至：./stock_training_results\models\model_stockCount_10_LSTM_pytorch.pth
2025-12-28 20:33:03,425 - INFO - 损失曲线保存至：./stock_training_results\loss_curves\loss_curve_stockCount_10_LSTM_pytorch.png
2025-12-28 20:33:03,455 - INFO - 当前模型训练日志将保存至：./stock_training_results\logs\training_log_stockCount_10_GRU_pytorch.csv
2025-12-28 20:33:03,455 - INFO - 开始训练GRU模型（股票数量：10，设备：cpu）
2025-12-28 20:33:58,334 - INFO - Epoch [5/50], Train Loss: 0.003170, Val Loss: 0.000857
2025-12-28 20:34:31,257 - INFO - EarlyStopping counter: 1 out of 5
2025-12-28 20:34:42,244 - INFO - EarlyStopping counter: 2 out of 5
2025-12-28 20:34:53,108 - INFO - Epoch [10/50], Train Loss: 0.002107, Val Loss: 0.000848
2025-12-28 20:34:53,108 - INFO - EarlyStopping counter: 3 out of 5
2025-12-28 20:35:03,849 - INFO - EarlyStopping counter: 4 out of 5
2025-12-28 20:35:14,559 - INFO - EarlyStopping counter: 5 out of 5
2025-12-28 20:35:14,559 - INFO - Restored best model weights from early stopping
2025-12-28 20:35:14,559 - INFO - Early stopping triggered at epoch 12
2025-12-28 20:35:14,560 - INFO - 模型权重保存至：./stock_training_results\models\model_stockCount_10_GRU_pytorch.pth
2025-12-28 20:35:14,720 - INFO - 损失曲线保存至：./stock_training_results\loss_curves\loss_curve_stockCount_10_GRU_pytorch.png
2025-12-28 20:35:14,724 - INFO - 当前模型训练日志将保存至：./stock_training_results\logs\training_log_stockCount_10_CNN-LSTM_pytorch.csv
2025-12-28 20:35:14,724 - INFO - 开始训练CNN-LSTM模型（股票数量：10，设备：cpu）
2025-12-28 20:35:23,247 - INFO - Epoch [5/50], Train Loss: 0.002183, Val Loss: 0.000856
2025-12-28 20:35:23,247 - INFO - EarlyStopping counter: 1 out of 5
2025-12-28 20:35:24,873 - INFO - EarlyStopping counter: 2 out of 5
2025-12-28 20:35:26,492 - INFO - EarlyStopping counter: 3 out of 5
2025-12-28 20:35:28,128 - INFO - EarlyStopping counter: 4 out of 5
2025-12-28 20:35:31,390 - INFO - Epoch [10/50], Train Loss: 0.001779, Val Loss: 0.000322
2025-12-28 20:35:33,023 - INFO - EarlyStopping counter: 1 out of 5
2025-12-28 20:35:34,658 - INFO - EarlyStopping counter: 2 out of 5
2025-12-28 20:35:37,903 - INFO - EarlyStopping counter: 1 out of 5
2025-12-28 20:35:39,546 - INFO - Epoch [15/50], Train Loss: 0.001446, Val Loss: 0.000329
2025-12-28 20:35:39,546 - INFO - EarlyStopping counter: 2 out of 5
2025-12-28 20:35:41,190 - INFO - EarlyStopping counter: 3 out of 5
2025-12-28 20:35:42,840 - INFO - EarlyStopping counter: 4 out of 5
2025-12-28 20:35:44,454 - INFO - EarlyStopping counter: 5 out of 5
2025-12-28 20:35:44,455 - INFO - Restored best model weights from early stopping
2025-12-28 20:35:44,455 - INFO - Early stopping triggered at epoch 18
2025-12-28 20:35:44,479 - INFO - 模型权重保存至：./stock_training_results\models\model_stockCount_10_CNN-LSTM_pytorch.pth
2025-12-28 20:35:44,610 - INFO - 损失曲线保存至：./stock_training_results\loss_curves\loss_curve_stockCount_10_CNN-LSTM_pytorch.png
2025-12-28 20:35:44,614 - INFO - 当前模型训练日志将保存至：./stock_training_results\logs\training_log_stockCount_10_Attention-LSTM_pytorch.csv
2025-12-28 20:35:44,614 - INFO - 开始训练Attention-LSTM模型（股票数量：10，设备：cpu）
2025-12-28 20:35:55,022 - INFO - EarlyStopping counter: 1 out of 5
2025-12-28 20:35:58,497 - INFO - EarlyStopping counter: 2 out of 5
2025-12-28 20:36:01,978 - INFO - Epoch [5/50], Train Loss: 0.007102, Val Loss: 0.004564
2025-12-28 20:36:01,978 - INFO - EarlyStopping counter: 3 out of 5
2025-12-28 20:36:05,432 - INFO - EarlyStopping counter: 4 out of 5
2025-12-28 20:36:08,889 - INFO - EarlyStopping counter: 5 out of 5
2025-12-28 20:36:08,890 - INFO - Restored best model weights from early stopping
2025-12-28 20:36:08,890 - INFO - Early stopping triggered at epoch 7
2025-12-28 20:36:08,891 - INFO - 模型权重保存至：./stock_training_results\models\model_stockCount_10_Attention-LSTM_pytorch.pth
2025-12-28 20:36:09,066 - INFO - 损失曲线保存至：./stock_training_results\loss_curves\loss_curve_stockCount_10_Attention-LSTM_pytorch.png
2025-12-28 20:36:09,254 - INFO - 序列构造完成：总样本数561，序列长度60，特征数9
2025-12-28 20:36:11,610 - INFO - 序列构造完成：总样本数2828，序列长度60，特征数9
2025-12-28 20:36:11,983 - INFO - 序列构造完成：总样本数585，序列长度60，特征数9
2025-12-28 20:36:12,321 - INFO - 序列构造完成：总样本数607，序列长度60，特征数9
2025-12-28 20:36:13,530 - INFO - 序列构造完成：总样本数3010，序列长度60，特征数9
2025-12-28 20:36:14,313 - INFO - 序列构造完成：总样本数1851，序列长度60，特征数9
2025-12-28 20:36:15,623 - INFO - 序列构造完成：总样本数3132，序列长度60，特征数9
2025-12-28 20:36:16,270 - INFO - 序列构造完成：总样本数1389，序列长度60，特征数9
2025-12-28 20:36:17,089 - INFO - 序列构造完成：总样本数2043，序列长度60，特征数9
2025-12-28 20:36:21,132 - INFO - 序列构造完成：总样本数8329，序列长度60，特征数9
2025-12-28 20:36:22,015 - INFO - 序列构造完成：总样本数633，序列长度60，特征数9
2025-12-28 20:36:22,260 - INFO - 序列构造完成：总样本数203，序列长度60，特征数9
2025-12-28 20:38:40,229 - INFO - 序列构造完成：总样本数12006，序列长度60，特征数9
2025-12-28 20:40:08,990 - INFO - 序列构造完成：总样本数2732，序列长度60，特征数9
2025-12-28 20:40:09,553 - INFO - 序列构造完成：总样本数491，序列长度60，特征数9
2025-12-28 20:40:10,955 - INFO - 序列构造完成：总样本数2612，序列长度60，特征数9
2025-12-28 20:40:12,614 - INFO - 序列构造完成：总样本数2931，序列长度60，特征数9
2025-12-28 20:40:13,479 - INFO - 序列构造完成：总样本数1445，序列长度60，特征数9
2025-12-28 20:40:14,710 - INFO - 序列构造完成：总样本数3131，序列长度60，特征数9
2025-12-28 20:40:16,212 - INFO - 序列构造完成：总样本数3132，序列长度60，特征数9
2025-12-28 20:40:18,031 - INFO - 序列构造完成：总样本数3132，序列长度60，特征数9
2025-12-28 20:40:21,325 - INFO - 序列构造完成：总样本数7096，序列长度60，特征数9
2025-12-28 20:40:27,288 - INFO - 序列构造完成：总样本数2518，序列长度60，特征数9
2025-12-28 20:40:27,622 - INFO - 序列构造完成：总样本数360，序列长度60，特征数9
2025-12-28 20:40:28,409 - INFO - 序列构造完成：总样本数1558，序列长度60，特征数9
2025-12-28 20:40:28,615 - INFO - 股票数量=10 - LSTM 泛化能力评估（平均）：
2025-12-28 20:40:28,667 - INFO - MAE=3.09, MSE=52.75, RMSE=3.53, R2=0.8298
2025-12-28 20:40:28,835 - INFO - 序列构造完成：总样本数561，序列长度60，特征数9
2025-12-28 20:40:31,096 - INFO - 序列构造完成：总样本数2828，序列长度60，特征数9
2025-12-28 20:40:31,582 - INFO - 序列构造完成：总样本数585，序列长度60，特征数9
2025-12-28 20:40:31,995 - INFO - 序列构造完成：总样本数607，序列长度60，特征数9
2025-12-28 20:40:33,200 - INFO - 序列构造完成：总样本数3010，序列长度60，特征数9
2025-12-28 20:40:34,041 - INFO - 序列构造完成：总样本数1851，序列长度60，特征数9
2025-12-28 20:40:35,305 - INFO - 序列构造完成：总样本数3132，序列长度60，特征数9
2025-12-28 20:40:36,254 - INFO - 序列构造完成：总样本数1389，序列长度60，特征数9
2025-12-28 20:40:37,154 - INFO - 序列构造完成：总样本数2043，序列长度60，特征数9
2025-12-28 20:40:41,241 - INFO - 序列构造完成：总样本数8329，序列长度60，特征数9
2025-12-28 20:40:42,242 - INFO - 序列构造完成：总样本数633，序列长度60，特征数9
2025-12-28 20:40:42,556 - INFO - 序列构造完成：总样本数203，序列长度60，特征数9
2025-12-28 20:40:58,476 - INFO - 序列构造完成：总样本数12006，序列长度60，特征数9
2025-12-28 20:43:27,883 - INFO - 序列构造完成：总样本数2732，序列长度60，特征数9
2025-12-28 20:43:29,887 - INFO - 序列构造完成：总样本数491，序列长度60，特征数9
2025-12-28 20:43:32,259 - INFO - 序列构造完成：总样本数2612，序列长度60，特征数9
2025-12-28 20:43:33,516 - INFO - 序列构造完成：总样本数2931，序列长度60，特征数9
2025-12-28 20:43:34,229 - INFO - 序列构造完成：总样本数1445，序列长度60，特征数9
2025-12-28 20:43:35,611 - INFO - 序列构造完成：总样本数3131，序列长度60，特征数9
2025-12-28 20:43:37,734 - INFO - 序列构造完成：总样本数3132，序列长度60，特征数9
2025-12-28 20:43:40,238 - INFO - 序列构造完成：总样本数3132，序列长度60，特征数9
2025-12-28 20:44:11,749 - INFO - 序列构造完成：总样本数7096，序列长度60，特征数9
2025-12-28 20:44:13,230 - INFO - 序列构造完成：总样本数2518，序列长度60，特征数9
2025-12-28 20:44:13,677 - INFO - 序列构造完成：总样本数360，序列长度60，特征数9
2025-12-28 20:44:14,406 - INFO - 序列构造完成：总样本数1558，序列长度60，特征数9
2025-12-28 20:44:14,723 - INFO - 股票数量=10 - GRU 泛化能力评估（平均）：
2025-12-28 20:44:14,784 - INFO - MAE=1.12, MSE=6.18, RMSE=1.27, R2=0.9519
2025-12-28 20:44:14,942 - INFO - 序列构造完成：总样本数561，序列长度60，特征数9
2025-12-28 20:44:22,915 - INFO - 序列构造完成：总样本数2828，序列长度60，特征数9
2025-12-28 20:44:23,470 - INFO - 序列构造完成：总样本数585，序列长度60，特征数9
2025-12-28 20:44:23,875 - INFO - 序列构造完成：总样本数607，序列长度60，特征数9
2025-12-28 20:44:25,251 - INFO - 序列构造完成：总样本数3010，序列长度60，特征数9
2025-12-28 20:44:26,084 - INFO - 序列构造完成：总样本数1851，序列长度60，特征数9
2025-12-28 20:44:27,464 - INFO - 序列构造完成：总样本数3132，序列长度60，特征数9
2025-12-28 20:44:28,297 - INFO - 序列构造完成：总样本数1389，序列长度60，特征数9
2025-12-28 20:44:29,567 - INFO - 序列构造完成：总样本数2043，序列长度60，特征数9
2025-12-28 20:44:33,779 - INFO - 序列构造完成：总样本数8329，序列长度60，特征数9
2025-12-28 20:44:34,913 - INFO - 序列构造完成：总样本数633，序列长度60，特征数9
2025-12-28 20:44:35,294 - INFO - 序列构造完成：总样本数203，序列长度60，特征数9
2025-12-28 20:44:55,340 - INFO - 序列构造完成：总样本数12006，序列长度60，特征数9
2025-12-28 20:46:55,509 - INFO - 序列构造完成：总样本数2732，序列长度60，特征数9
2025-12-28 20:46:57,328 - INFO - 序列构造完成：总样本数491，序列长度60，特征数9
2025-12-28 20:46:58,388 - INFO - 序列构造完成：总样本数2612，序列长度60，特征数9
2025-12-28 20:46:59,883 - INFO - 序列构造完成：总样本数2931，序列长度60，特征数9
2025-12-28 20:47:01,136 - INFO - 序列构造完成：总样本数1445，序列长度60，特征数9
2025-12-28 20:47:02,632 - INFO - 序列构造完成：总样本数3131，序列长度60，特征数9
2025-12-28 20:47:04,150 - INFO - 序列构造完成：总样本数3132，序列长度60，特征数9
2025-12-28 20:47:10,790 - INFO - 序列构造完成：总样本数3132，序列长度60，特征数9
2025-12-28 20:47:14,081 - INFO - 序列构造完成：总样本数7096，序列长度60，特征数9
2025-12-28 20:47:15,566 - INFO - 序列构造完成：总样本数2518，序列长度60，特征数9
2025-12-28 20:47:15,958 - INFO - 序列构造完成：总样本数360，序列长度60，特征数9
2025-12-28 20:47:16,615 - INFO - 序列构造完成：总样本数1558，序列长度60，特征数9
2025-12-28 20:47:16,889 - INFO - 股票数量=10 - CNN-LSTM 泛化能力评估（平均）：
2025-12-28 20:47:16,916 - INFO - MAE=1.12, MSE=9.25, RMSE=1.39, R2=0.9408
2025-12-28 20:47:17,141 - INFO - 序列构造完成：总样本数561，序列长度60，特征数9
2025-12-28 20:47:19,667 - INFO - 序列构造完成：总样本数2828，序列长度60，特征数9
2025-12-28 20:47:20,176 - INFO - 序列构造完成：总样本数585，序列长度60，特征数9
2025-12-28 20:47:20,642 - INFO - 序列构造完成：总样本数607，序列长度60，特征数9
2025-12-28 20:47:21,807 - INFO - 序列构造完成：总样本数3010，序列长度60，特征数9
2025-12-28 20:47:22,862 - INFO - 序列构造完成：总样本数1851，序列长度60，特征数9
2025-12-28 20:47:24,191 - INFO - 序列构造完成：总样本数3132，序列长度60，特征数9
2025-12-28 20:47:25,132 - INFO - 序列构造完成：总样本数1389，序列长度60，特征数9
2025-12-28 20:47:26,118 - INFO - 序列构造完成：总样本数2043，序列长度60，特征数9
2025-12-28 20:47:30,234 - INFO - 序列构造完成：总样本数8329，序列长度60，特征数9
2025-12-28 20:47:31,291 - INFO - 序列构造完成：总样本数633，序列长度60，特征数9
2025-12-28 20:47:31,610 - INFO - 序列构造完成：总样本数203，序列长度60，特征数9
2025-12-28 20:47:45,649 - INFO - 序列构造完成：总样本数12006，序列长度60，特征数9
2025-12-28 20:49:08,765 - INFO - 序列构造完成：总样本数2732，序列长度60，特征数9
2025-12-28 20:49:09,626 - INFO - 序列构造完成：总样本数491，序列长度60，特征数9
2025-12-28 20:49:11,073 - INFO - 序列构造完成：总样本数2612，序列长度60，特征数9
2025-12-28 20:49:12,276 - INFO - 序列构造完成：总样本数2931，序列长度60，特征数9
2025-12-28 20:49:13,292 - INFO - 序列构造完成：总样本数1445，序列长度60，特征数9
2025-12-28 20:49:14,549 - INFO - 序列构造完成：总样本数3131，序列长度60，特征数9
2025-12-28 20:49:28,786 - INFO - 序列构造完成：总样本数3132，序列长度60，特征数9
2025-12-28 20:49:30,182 - INFO - 序列构造完成：总样本数3132，序列长度60，特征数9
2025-12-28 20:49:34,170 - INFO - 序列构造完成：总样本数7096，序列长度60，特征数9
2025-12-28 20:49:35,680 - INFO - 序列构造完成：总样本数2518，序列长度60，特征数9
2025-12-28 20:49:36,170 - INFO - 序列构造完成：总样本数360，序列长度60，特征数9
2025-12-28 20:49:36,816 - INFO - 序列构造完成：总样本数1558，序列长度60，特征数9
2025-12-28 20:49:37,104 - INFO - 股票数量=10 - Attention-LSTM 泛化能力评估（平均）：
2025-12-28 20:49:37,115 - INFO - MAE=3.93, MSE=77.62, RMSE=4.38, R2=0.7017
2025-12-28 20:49:37,123 - INFO - 股票数量10：所有模型评估完成，结果已保存
2025-12-28 20:49:37,123 - INFO - 
=====================================
2025-12-28 20:49:37,123 - INFO - 开始处理股票数量：50
2025-12-28 20:49:37,123 - INFO - =====================================

2025-12-28 20:49:37,481 - INFO - 总股票文件数：7195
2025-12-28 20:49:37,482 - INFO - 开始收集25只有效预留测试股票...
2025-12-28 20:49:38,515 - INFO - 预留测试股票收集进度：5/25
2025-12-28 20:49:38,886 - INFO - 预留测试股票收集进度：10/25
2025-12-28 20:49:39,160 - INFO - 预留测试股票收集进度：15/25
2025-12-28 20:49:39,295 - INFO - 预留测试股票收集进度：20/25
2025-12-28 20:49:39,802 - INFO - 预留测试股票收集进度：25/25
2025-12-28 20:49:39,802 - INFO - 预留测试股票收集完成：共25只有效股票（目标25只）
2025-12-28 20:49:39,802 - INFO - 预留测试股票数量达标！
2025-12-28 20:49:39,804 - INFO - 可用于训练的股票文件数：7170，开始遍历收集50只有效训练股票...
2025-12-28 20:49:40,226 - INFO - 训练股票收集进度：10/50
2025-12-28 20:49:40,742 - ERROR - 加载训练股票jt.us失败：No columns to parse from file，继续遍历下一支
2025-12-28 20:49:40,823 - INFO - 训练股票收集进度：20/50
2025-12-28 20:49:41,715 - INFO - 训练股票收集进度：30/50
2025-12-28 20:49:42,460 - INFO - 训练股票收集进度：40/50
2025-12-28 20:49:43,050 - INFO - 训练股票收集进度：50/50
2025-12-28 20:49:43,050 - INFO - 训练股票收集完成：成功获取50只有效训练股票（目标50只）
2025-12-28 20:50:21,636 - INFO - 序列构造完成：总样本数107229，序列长度60，特征数9
2025-12-28 20:50:21,692 - INFO - 数据集划分：训练集(85783, 60, 9)，验证集(10722, 60, 9)，内部测试集(10724, 60, 9)
2025-12-28 20:50:21,936 - INFO - 当前模型训练日志将保存至：./stock_training_results\logs\training_log_stockCount_50_LSTM_pytorch.csv
2025-12-28 20:50:21,953 - INFO - 开始训练LSTM模型（股票数量：50，设备：cpu）
2025-12-28 20:52:34,444 - INFO - Epoch [5/50], Train Loss: 0.001244, Val Loss: 0.000495
2025-12-28 20:53:00,472 - INFO - EarlyStopping counter: 1 out of 5
2025-12-28 20:53:26,536 - INFO - EarlyStopping counter: 2 out of 5
2025-12-28 20:53:52,739 - INFO - EarlyStopping counter: 3 out of 5
2025-12-28 20:54:18,662 - INFO - EarlyStopping counter: 4 out of 5
2025-12-28 20:54:44,691 - INFO - Epoch [10/50], Train Loss: 0.000958, Val Loss: 0.000609
2025-12-28 20:54:44,691 - INFO - EarlyStopping counter: 5 out of 5
2025-12-28 20:54:44,691 - INFO - Restored best model weights from early stopping
2025-12-28 20:54:44,692 - INFO - Early stopping triggered at epoch 10
2025-12-28 20:54:44,709 - INFO - 模型权重保存至：./stock_training_results\models\model_stockCount_50_LSTM_pytorch.pth
2025-12-28 20:54:44,868 - INFO - 损失曲线保存至：./stock_training_results\loss_curves\loss_curve_stockCount_50_LSTM_pytorch.png
2025-12-28 20:54:44,916 - INFO - 当前模型训练日志将保存至：./stock_training_results\logs\training_log_stockCount_50_GRU_pytorch.csv
2025-12-28 20:54:44,917 - INFO - 开始训练GRU模型（股票数量：50，设备：cpu）
2025-12-28 21:00:55,882 - INFO - Epoch [5/50], Train Loss: 0.001438, Val Loss: 0.000967
2025-12-28 21:02:10,318 - INFO - EarlyStopping counter: 1 out of 5
2025-12-28 21:05:54,204 - INFO - EarlyStopping counter: 1 out of 5
2025-12-28 21:07:08,385 - INFO - Epoch [10/50], Train Loss: 0.000855, Val Loss: 0.001167
2025-12-28 21:07:08,385 - INFO - EarlyStopping counter: 2 out of 5
2025-12-28 21:08:22,691 - INFO - EarlyStopping counter: 3 out of 5
2025-12-28 21:09:37,531 - INFO - EarlyStopping counter: 4 out of 5
2025-12-28 21:10:52,078 - INFO - EarlyStopping counter: 5 out of 5
2025-12-28 21:10:52,079 - INFO - Restored best model weights from early stopping
2025-12-28 21:10:52,079 - INFO - Early stopping triggered at epoch 13
2025-12-28 21:10:52,080 - INFO - 模型权重保存至：./stock_training_results\models\model_stockCount_50_GRU_pytorch.pth
2025-12-28 21:10:52,239 - INFO - 损失曲线保存至：./stock_training_results\loss_curves\loss_curve_stockCount_50_GRU_pytorch.png
2025-12-28 21:10:52,265 - INFO - 当前模型训练日志将保存至：./stock_training_results\logs\training_log_stockCount_50_CNN-LSTM_pytorch.csv
2025-12-28 21:10:52,266 - INFO - 开始训练CNN-LSTM模型（股票数量：50，设备：cpu）
2025-12-28 21:11:50,425 - INFO - EarlyStopping counter: 1 out of 5
2025-12-28 21:12:04,852 - INFO - Epoch [5/50], Train Loss: 0.001175, Val Loss: 0.001017
2025-12-28 21:12:04,852 - INFO - EarlyStopping counter: 2 out of 5
2025-12-28 21:12:19,376 - INFO - EarlyStopping counter: 3 out of 5
2025-12-28 21:13:02,562 - INFO - EarlyStopping counter: 1 out of 5
2025-12-28 21:13:17,163 - INFO - Epoch [10/50], Train Loss: 0.000793, Val Loss: 0.000719
2025-12-28 21:13:17,164 - INFO - EarlyStopping counter: 2 out of 5
2025-12-28 21:13:31,524 - INFO - EarlyStopping counter: 3 out of 5
2025-12-28 21:13:45,996 - INFO - EarlyStopping counter: 4 out of 5
2025-12-28 21:14:00,675 - INFO - EarlyStopping counter: 5 out of 5
2025-12-28 21:14:00,675 - INFO - Restored best model weights from early stopping
2025-12-28 21:14:00,675 - INFO - Early stopping triggered at epoch 13
2025-12-28 21:14:00,693 - INFO - 模型权重保存至：./stock_training_results\models\model_stockCount_50_CNN-LSTM_pytorch.pth
2025-12-28 21:14:00,854 - INFO - 损失曲线保存至：./stock_training_results\loss_curves\loss_curve_stockCount_50_CNN-LSTM_pytorch.png
2025-12-28 21:14:00,880 - INFO - 当前模型训练日志将保存至：./stock_training_results\logs\training_log_stockCount_50_Attention-LSTM_pytorch.csv
2025-12-28 21:14:00,881 - INFO - 开始训练Attention-LSTM模型（股票数量：50，设备：cpu）
2025-12-28 21:16:39,697 - INFO - Epoch [5/50], Train Loss: 0.005920, Val Loss: 0.006933
2025-12-28 21:16:39,698 - INFO - EarlyStopping counter: 1 out of 5
2025-12-28 21:17:39,619 - INFO - EarlyStopping counter: 1 out of 5
2025-12-28 21:18:11,849 - INFO - EarlyStopping counter: 2 out of 5
2025-12-28 21:18:46,464 - INFO - EarlyStopping counter: 3 out of 5
2025-12-28 21:19:20,721 - INFO - Epoch [10/50], Train Loss: 0.001935, Val Loss: 0.001971
2025-12-28 21:19:20,721 - INFO - EarlyStopping counter: 4 out of 5
2025-12-28 21:20:26,745 - INFO - EarlyStopping counter: 1 out of 5
2025-12-28 21:20:58,785 - INFO - EarlyStopping counter: 2 out of 5
2025-12-28 21:21:29,153 - INFO - EarlyStopping counter: 3 out of 5
2025-12-28 21:21:59,676 - INFO - Epoch [15/50], Train Loss: 0.001088, Val Loss: 0.002324
2025-12-28 21:21:59,677 - INFO - EarlyStopping counter: 4 out of 5
2025-12-28 21:22:29,904 - INFO - EarlyStopping counter: 5 out of 5
2025-12-28 21:22:29,904 - INFO - Restored best model weights from early stopping
2025-12-28 21:22:29,904 - INFO - Early stopping triggered at epoch 16
2025-12-28 21:22:29,906 - INFO - 模型权重保存至：./stock_training_results\models\model_stockCount_50_Attention-LSTM_pytorch.pth
2025-12-28 21:22:30,060 - INFO - 损失曲线保存至：./stock_training_results\loss_curves\loss_curve_stockCount_50_Attention-LSTM_pytorch.png
2025-12-28 21:22:30,248 - INFO - 序列构造完成：总样本数561，序列长度60，特征数9
2025-12-28 21:22:31,431 - INFO - 序列构造完成：总样本数2828，序列长度60，特征数9
2025-12-28 21:22:31,817 - INFO - 序列构造完成：总样本数585，序列长度60，特征数9
2025-12-28 21:22:32,146 - INFO - 序列构造完成：总样本数607，序列长度60，特征数9
2025-12-28 21:22:33,298 - INFO - 序列构造完成：总样本数3010，序列长度60，特征数9
2025-12-28 21:22:34,064 - INFO - 序列构造完成：总样本数1851，序列长度60，特征数9
2025-12-28 21:22:35,285 - INFO - 序列构造完成：总样本数3132，序列长度60，特征数9
2025-12-28 21:22:35,917 - INFO - 序列构造完成：总样本数1389，序列长度60，特征数9
2025-12-28 21:22:36,700 - INFO - 序列构造完成：总样本数2043，序列长度60，特征数9
2025-12-28 21:22:40,965 - INFO - 序列构造完成：总样本数8329，序列长度60，特征数9
2025-12-28 21:22:41,838 - INFO - 序列构造完成：总样本数633，序列长度60，特征数9
2025-12-28 21:22:42,097 - INFO - 序列构造完成：总样本数203，序列长度60，特征数9
2025-12-28 21:22:58,858 - INFO - 序列构造完成：总样本数12006，序列长度60，特征数9
2025-12-28 21:24:28,436 - INFO - 序列构造完成：总样本数2732，序列长度60，特征数9
2025-12-28 21:24:28,853 - INFO - 序列构造完成：总样本数491，序列长度60，特征数9
2025-12-28 21:24:30,023 - INFO - 序列构造完成：总样本数2612，序列长度60，特征数9
2025-12-28 21:24:31,195 - INFO - 序列构造完成：总样本数2931，序列长度60，特征数9
2025-12-28 21:24:31,958 - INFO - 序列构造完成：总样本数1445，序列长度60，特征数9
2025-12-28 21:24:33,175 - INFO - 序列构造完成：总样本数3131，序列长度60，特征数9
2025-12-28 21:24:34,468 - INFO - 序列构造完成：总样本数3132，序列长度60，特征数9
2025-12-28 21:24:36,814 - INFO - 序列构造完成：总样本数3132，序列长度60，特征数9
2025-12-28 21:24:40,226 - INFO - 序列构造完成：总样本数7096，序列长度60，特征数9
2025-12-28 21:24:41,688 - INFO - 序列构造完成：总样本数2518，序列长度60，特征数9
2025-12-28 21:24:42,009 - INFO - 序列构造完成：总样本数360，序列长度60，特征数9
2025-12-28 21:24:42,784 - INFO - 序列构造完成：总样本数1558，序列长度60，特征数9
2025-12-28 21:24:43,036 - INFO - 股票数量=50 - LSTM 泛化能力评估（平均）：
2025-12-28 21:24:43,067 - INFO - MAE=0.73, MSE=2.69, RMSE=0.92, R2=0.9574
2025-12-28 21:24:43,242 - INFO - 序列构造完成：总样本数561，序列长度60，特征数9
2025-12-28 21:24:44,715 - INFO - 序列构造完成：总样本数2828，序列长度60，特征数9
2025-12-28 21:24:45,147 - INFO - 序列构造完成：总样本数585，序列长度60，特征数9
2025-12-28 21:24:45,526 - INFO - 序列构造完成：总样本数607，序列长度60，特征数9
2025-12-28 21:24:46,695 - INFO - 序列构造完成：总样本数3010，序列长度60，特征数9
2025-12-28 21:24:47,511 - INFO - 序列构造完成：总样本数1851，序列长度60，特征数9
2025-12-28 21:24:48,753 - INFO - 序列构造完成：总样本数3132，序列长度60，特征数9
2025-12-28 21:24:52,516 - INFO - 序列构造完成：总样本数1389，序列长度60，特征数9
2025-12-28 21:24:53,420 - INFO - 序列构造完成：总样本数2043，序列长度60，特征数9
2025-12-28 21:24:57,448 - INFO - 序列构造完成：总样本数8329，序列长度60，特征数9
2025-12-28 21:24:58,358 - INFO - 序列构造完成：总样本数633，序列长度60，特征数9
2025-12-28 21:24:58,864 - INFO - 序列构造完成：总样本数203，序列长度60，特征数9
2025-12-28 21:25:13,520 - INFO - 序列构造完成：总样本数12006，序列长度60，特征数9
2025-12-28 21:26:07,965 - INFO - 序列构造完成：总样本数2732，序列长度60，特征数9
2025-12-28 21:26:08,425 - INFO - 序列构造完成：总样本数491，序列长度60，特征数9
2025-12-28 21:26:09,763 - INFO - 序列构造完成：总样本数2612，序列长度60，特征数9
2025-12-28 21:26:10,980 - INFO - 序列构造完成：总样本数2931，序列长度60，特征数9
2025-12-28 21:26:11,681 - INFO - 序列构造完成：总样本数1445，序列长度60，特征数9
2025-12-28 21:26:12,966 - INFO - 序列构造完成：总样本数3131，序列长度60，特征数9
2025-12-28 21:26:14,398 - INFO - 序列构造完成：总样本数3132，序列长度60，特征数9
2025-12-28 21:26:15,698 - INFO - 序列构造完成：总样本数3132，序列长度60，特征数9
2025-12-28 21:26:18,967 - INFO - 序列构造完成：总样本数7096，序列长度60，特征数9
2025-12-28 21:26:20,351 - INFO - 序列构造完成：总样本数2518，序列长度60，特征数9
2025-12-28 21:26:20,713 - INFO - 序列构造完成：总样本数360，序列长度60，特征数9
2025-12-28 21:26:21,622 - INFO - 序列构造完成：总样本数1558，序列长度60，特征数9
2025-12-28 21:26:21,851 - INFO - 股票数量=50 - GRU 泛化能力评估（平均）：
2025-12-28 21:26:21,866 - INFO - MAE=1.26, MSE=7.53, RMSE=1.61, R2=0.9070
2025-12-28 21:26:22,028 - INFO - 序列构造完成：总样本数561，序列长度60，特征数9
2025-12-28 21:26:23,817 - INFO - 序列构造完成：总样本数2828，序列长度60，特征数9
2025-12-28 21:26:24,227 - INFO - 序列构造完成：总样本数585，序列长度60，特征数9
2025-12-28 21:26:24,577 - INFO - 序列构造完成：总样本数607，序列长度60，特征数9
2025-12-28 21:26:25,764 - INFO - 序列构造完成：总样本数3010，序列长度60，特征数9
2025-12-28 21:26:26,755 - INFO - 序列构造完成：总样本数1851，序列长度60，特征数9
2025-12-28 21:26:27,985 - INFO - 序列构造完成：总样本数3132，序列长度60，特征数9
2025-12-28 21:26:28,955 - INFO - 序列构造完成：总样本数1389，序列长度60，特征数9
2025-12-28 21:26:29,795 - INFO - 序列构造完成：总样本数2043，序列长度60，特征数9
2025-12-28 21:26:38,033 - INFO - 序列构造完成：总样本数8329，序列长度60，特征数9
2025-12-28 21:26:39,167 - INFO - 序列构造完成：总样本数633，序列长度60，特征数9
2025-12-28 21:26:39,396 - INFO - 序列构造完成：总样本数203，序列长度60，特征数9
2025-12-28 21:26:47,452 - INFO - 序列构造完成：总样本数12006，序列长度60，特征数9
2025-12-28 21:27:01,353 - INFO - 序列构造完成：总样本数2732，序列长度60，特征数9
2025-12-28 21:27:01,847 - INFO - 序列构造完成：总样本数491，序列长度60，特征数9
2025-12-28 21:27:03,147 - INFO - 序列构造完成：总样本数2612，序列长度60，特征数9
2025-12-28 21:27:04,360 - INFO - 序列构造完成：总样本数2931，序列长度60，特征数9
2025-12-28 21:27:04,992 - INFO - 序列构造完成：总样本数1445，序列长度60，特征数9
2025-12-28 21:27:06,227 - INFO - 序列构造完成：总样本数3131，序列长度60，特征数9
2025-12-28 21:27:07,460 - INFO - 序列构造完成：总样本数3132，序列长度60，特征数9
2025-12-28 21:27:08,681 - INFO - 序列构造完成：总样本数3132，序列长度60，特征数9
2025-12-28 21:27:11,864 - INFO - 序列构造完成：总样本数7096，序列长度60，特征数9
2025-12-28 21:27:13,159 - INFO - 序列构造完成：总样本数2518，序列长度60，特征数9
2025-12-28 21:27:13,473 - INFO - 序列构造完成：总样本数360，序列长度60，特征数9
2025-12-28 21:27:14,135 - INFO - 序列构造完成：总样本数1558，序列长度60，特征数9
2025-12-28 21:27:14,322 - INFO - 股票数量=50 - CNN-LSTM 泛化能力评估（平均）：
2025-12-28 21:27:14,337 - INFO - MAE=0.80, MSE=3.29, RMSE=0.94, R2=0.9614
2025-12-28 21:27:14,502 - INFO - 序列构造完成：总样本数561，序列长度60，特征数9
2025-12-28 21:27:15,915 - INFO - 序列构造完成：总样本数2828，序列长度60，特征数9
2025-12-28 21:27:16,679 - INFO - 序列构造完成：总样本数585，序列长度60，特征数9
2025-12-28 21:27:17,035 - INFO - 序列构造完成：总样本数607，序列长度60，特征数9
2025-12-28 21:27:18,271 - INFO - 序列构造完成：总样本数3010，序列长度60，特征数9
2025-12-28 21:27:19,257 - INFO - 序列构造完成：总样本数1851，序列长度60，特征数9
2025-12-28 21:27:20,537 - INFO - 序列构造完成：总样本数3132，序列长度60，特征数9
2025-12-28 21:27:21,234 - INFO - 序列构造完成：总样本数1389，序列长度60，特征数9
2025-12-28 21:27:25,742 - INFO - 序列构造完成：总样本数2043，序列长度60，特征数9
2025-12-28 21:27:29,802 - INFO - 序列构造完成：总样本数8329，序列长度60，特征数9
2025-12-28 21:27:30,911 - INFO - 序列构造完成：总样本数633，序列长度60，特征数9
2025-12-28 21:27:31,167 - INFO - 序列构造完成：总样本数203，序列长度60，特征数9
2025-12-28 21:27:37,810 - INFO - 序列构造完成：总样本数12006，序列长度60，特征数9
2025-12-28 21:27:40,462 - INFO - 序列构造完成：总样本数2732，序列长度60，特征数9
2025-12-28 21:27:40,921 - INFO - 序列构造完成：总样本数491，序列长度60，特征数9
2025-12-28 21:27:41,964 - INFO - 序列构造完成：总样本数2612，序列长度60，特征数9
2025-12-28 21:27:43,175 - INFO - 序列构造完成：总样本数2931，序列长度60，特征数9
2025-12-28 21:27:43,899 - INFO - 序列构造完成：总样本数1445，序列长度60，特征数9
2025-12-28 21:27:45,319 - INFO - 序列构造完成：总样本数3131，序列长度60，特征数9
2025-12-28 21:27:46,674 - INFO - 序列构造完成：总样本数3132，序列长度60，特征数9
2025-12-28 21:27:47,985 - INFO - 序列构造完成：总样本数3132，序列长度60，特征数9
2025-12-28 21:27:51,260 - INFO - 序列构造完成：总样本数7096，序列长度60，特征数9
2025-12-28 21:27:52,764 - INFO - 序列构造完成：总样本数2518，序列长度60，特征数9
2025-12-28 21:27:53,151 - INFO - 序列构造完成：总样本数360，序列长度60，特征数9
2025-12-28 21:27:53,797 - INFO - 序列构造完成：总样本数1558，序列长度60，特征数9
2025-12-28 21:27:54,026 - INFO - 股票数量=50 - Attention-LSTM 泛化能力评估（平均）：
2025-12-28 21:27:54,026 - INFO - MAE=1.93, MSE=16.90, RMSE=2.52, R2=0.7746
2025-12-28 21:27:54,026 - INFO - 股票数量50：所有模型评估完成，结果已保存
2025-12-28 21:27:54,026 - INFO - 
=====================================
2025-12-28 21:27:54,026 - INFO - 开始处理股票数量：100
2025-12-28 21:27:54,027 - INFO - =====================================

2025-12-28 21:27:54,504 - INFO - 总股票文件数：7195
2025-12-28 21:27:54,504 - INFO - 开始收集25只有效预留测试股票...
2025-12-28 21:27:55,445 - INFO - 预留测试股票收集进度：5/25
2025-12-28 21:27:58,107 - INFO - 预留测试股票收集进度：10/25
2025-12-28 21:28:00,026 - INFO - 预留测试股票收集进度：15/25
2025-12-28 21:28:00,422 - INFO - 预留测试股票收集进度：20/25
2025-12-28 21:28:01,908 - INFO - 预留测试股票收集进度：25/25
2025-12-28 21:28:01,908 - INFO - 预留测试股票收集完成：共25只有效股票（目标25只）
2025-12-28 21:28:01,908 - INFO - 预留测试股票数量达标！
2025-12-28 21:28:01,915 - INFO - 可用于训练的股票文件数：7170，开始遍历收集100只有效训练股票...
2025-12-28 21:28:02,706 - INFO - 训练股票收集进度：10/100
2025-12-28 21:28:03,498 - INFO - 训练股票收集进度：20/100
2025-12-28 21:28:04,425 - INFO - 训练股票收集进度：30/100
2025-12-28 21:28:05,387 - INFO - 训练股票收集进度：40/100
2025-12-28 21:28:06,133 - INFO - 训练股票收集进度：50/100
2025-12-28 21:28:06,716 - INFO - 训练股票收集进度：60/100
2025-12-28 21:28:07,468 - INFO - 训练股票收集进度：70/100
2025-12-28 21:28:08,165 - INFO - 训练股票收集进度：80/100
2025-12-28 21:28:08,909 - INFO - 训练股票收集进度：90/100
2025-12-28 21:28:09,849 - INFO - 训练股票收集进度：100/100
2025-12-28 21:28:09,849 - INFO - 训练股票收集完成：成功获取100只有效训练股票（目标100只）
2025-12-28 21:29:18,584 - INFO - 序列构造完成：总样本数194867，序列长度60，特征数9
2025-12-28 21:29:18,679 - INFO - 数据集划分：训练集(155893, 60, 9)，验证集(19486, 60, 9)，内部测试集(19488, 60, 9)
2025-12-28 21:29:19,516 - INFO - 当前模型训练日志将保存至：./stock_training_results\logs\training_log_stockCount_100_LSTM_pytorch.csv
2025-12-28 21:29:19,673 - INFO - 开始训练LSTM模型（股票数量：100，设备：cpu）
2025-12-28 21:31:45,607 - INFO - EarlyStopping counter: 1 out of 5
2025-12-28 21:32:56,996 - INFO - EarlyStopping counter: 2 out of 5
2025-12-28 21:34:08,283 - INFO - EarlyStopping counter: 3 out of 5
2025-12-28 21:35:19,283 - INFO - Epoch [5/50], Train Loss: 0.000723, Val Loss: 0.002340
2025-12-28 21:35:19,283 - INFO - EarlyStopping counter: 4 out of 5
2025-12-28 21:36:29,788 - INFO - EarlyStopping counter: 5 out of 5
2025-12-28 21:36:29,788 - INFO - Restored best model weights from early stopping
2025-12-28 21:36:29,788 - INFO - Early stopping triggered at epoch 6
2025-12-28 21:36:29,824 - INFO - 模型权重保存至：./stock_training_results\models\model_stockCount_100_LSTM_pytorch.pth
2025-12-28 21:36:29,993 - INFO - 损失曲线保存至：./stock_training_results\loss_curves\loss_curve_stockCount_100_LSTM_pytorch.png
2025-12-28 21:36:30,057 - INFO - 当前模型训练日志将保存至：./stock_training_results\logs\training_log_stockCount_100_GRU_pytorch.csv
2025-12-28 21:36:30,057 - INFO - 开始训练GRU模型（股票数量：100，设备：cpu）
2025-12-28 21:40:59,393 - INFO - EarlyStopping counter: 1 out of 5
2025-12-28 21:43:14,683 - INFO - EarlyStopping counter: 2 out of 5
2025-12-28 21:45:30,261 - INFO - EarlyStopping counter: 3 out of 5
2025-12-28 21:47:45,136 - INFO - Epoch [5/50], Train Loss: 0.000670, Val Loss: 0.007316
2025-12-28 21:47:45,136 - INFO - EarlyStopping counter: 4 out of 5
2025-12-28 21:50:00,885 - INFO - EarlyStopping counter: 5 out of 5
2025-12-28 21:50:00,886 - INFO - Restored best model weights from early stopping
2025-12-28 21:50:00,886 - INFO - Early stopping triggered at epoch 6
2025-12-28 21:50:00,887 - INFO - 模型权重保存至：./stock_training_results\models\model_stockCount_100_GRU_pytorch.pth
2025-12-28 21:50:01,035 - INFO - 损失曲线保存至：./stock_training_results\loss_curves\loss_curve_stockCount_100_GRU_pytorch.png
2025-12-28 21:50:01,083 - INFO - 当前模型训练日志将保存至：./stock_training_results\logs\training_log_stockCount_100_CNN-LSTM_pytorch.csv
2025-12-28 21:50:01,083 - INFO - 开始训练CNN-LSTM模型（股票数量：100，设备：cpu）
2025-12-28 21:52:58,612 - INFO - Epoch [5/50], Train Loss: 0.000767, Val Loss: 0.000914
2025-12-28 21:53:34,018 - INFO - EarlyStopping counter: 1 out of 5
2025-12-28 21:54:44,923 - INFO - EarlyStopping counter: 1 out of 5
2025-12-28 21:55:55,777 - INFO - Epoch [10/50], Train Loss: 0.000680, Val Loss: 0.000414
2025-12-28 21:55:55,778 - INFO - EarlyStopping counter: 1 out of 5
2025-12-28 21:57:06,605 - INFO - EarlyStopping counter: 1 out of 5
2025-12-28 21:57:42,070 - INFO - EarlyStopping counter: 2 out of 5
2025-12-28 21:58:17,553 - INFO - EarlyStopping counter: 3 out of 5
2025-12-28 21:58:53,143 - INFO - Epoch [15/50], Train Loss: 0.000567, Val Loss: 0.000433
2025-12-28 21:58:53,143 - INFO - EarlyStopping counter: 4 out of 5
2025-12-28 21:59:28,702 - INFO - EarlyStopping counter: 5 out of 5
2025-12-28 21:59:28,703 - INFO - Restored best model weights from early stopping
2025-12-28 21:59:28,703 - INFO - Early stopping triggered at epoch 16
2025-12-28 21:59:28,724 - INFO - 模型权重保存至：./stock_training_results\models\model_stockCount_100_CNN-LSTM_pytorch.pth
2025-12-28 21:59:28,849 - INFO - 损失曲线保存至：./stock_training_results\loss_curves\loss_curve_stockCount_100_CNN-LSTM_pytorch.png
2025-12-28 21:59:28,897 - INFO - 当前模型训练日志将保存至：./stock_training_results\logs\training_log_stockCount_100_Attention-LSTM_pytorch.csv
2025-12-28 21:59:28,897 - INFO - 开始训练Attention-LSTM模型（股票数量：100，设备：cpu）
2025-12-28 22:05:32,359 - INFO - Epoch [5/50], Train Loss: 0.001101, Val Loss: 0.001058
2025-12-28 22:09:12,137 - INFO - EarlyStopping counter: 1 out of 5
2025-12-28 22:11:46,397 - INFO - Epoch [10/50], Train Loss: 0.000696, Val Loss: 0.000624
2025-12-28 22:11:46,397 - INFO - EarlyStopping counter: 1 out of 5
2025-12-28 22:13:02,592 - INFO - EarlyStopping counter: 2 out of 5
2025-12-28 22:14:21,266 - INFO - EarlyStopping counter: 3 out of 5
2025-12-28 22:15:41,539 - INFO - EarlyStopping counter: 4 out of 5
2025-12-28 22:17:01,683 - INFO - EarlyStopping counter: 5 out of 5
2025-12-28 22:17:01,683 - INFO - Restored best model weights from early stopping
2025-12-28 22:17:01,683 - INFO - Early stopping triggered at epoch 14
2025-12-28 22:17:01,685 - INFO - 模型权重保存至：./stock_training_results\models\model_stockCount_100_Attention-LSTM_pytorch.pth
2025-12-28 22:17:01,870 - INFO - 损失曲线保存至：./stock_training_results\loss_curves\loss_curve_stockCount_100_Attention-LSTM_pytorch.png
2025-12-28 22:17:02,048 - INFO - 序列构造完成：总样本数561，序列长度60，特征数9
2025-12-28 22:17:03,250 - INFO - 序列构造完成：总样本数2828，序列长度60，特征数9
2025-12-28 22:17:03,634 - INFO - 序列构造完成：总样本数585，序列长度60，特征数9
2025-12-28 22:17:03,971 - INFO - 序列构造完成：总样本数607，序列长度60，特征数9
2025-12-28 22:17:05,145 - INFO - 序列构造完成：总样本数3010，序列长度60，特征数9
2025-12-28 22:17:05,933 - INFO - 序列构造完成：总样本数1851，序列长度60，特征数9
2025-12-28 22:17:07,183 - INFO - 序列构造完成：总样本数3132，序列长度60，特征数9
2025-12-28 22:17:07,826 - INFO - 序列构造完成：总样本数1389，序列长度60，特征数9
2025-12-28 22:17:08,718 - INFO - 序列构造完成：总样本数2043，序列长度60，特征数9
2025-12-28 22:17:12,927 - INFO - 序列构造完成：总样本数8329，序列长度60，特征数9
2025-12-28 22:17:13,703 - INFO - 序列构造完成：总样本数633，序列长度60，特征数9
2025-12-28 22:17:13,935 - INFO - 序列构造完成：总样本数203，序列长度60，特征数9
2025-12-28 22:17:30,347 - INFO - 序列构造完成：总样本数12006，序列长度60，特征数9
2025-12-28 22:17:55,858 - INFO - 序列构造完成：总样本数2732，序列长度60，特征数9
2025-12-28 22:17:56,410 - INFO - 序列构造完成：总样本数491，序列长度60，特征数9
2025-12-28 22:17:57,494 - INFO - 序列构造完成：总样本数2612，序列长度60，特征数9
2025-12-28 22:17:58,930 - INFO - 序列构造完成：总样本数2931，序列长度60，特征数9
2025-12-28 22:17:59,584 - INFO - 序列构造完成：总样本数1445，序列长度60，特征数9
2025-12-28 22:18:00,792 - INFO - 序列构造完成：总样本数3131，序列长度60，特征数9
2025-12-28 22:18:02,379 - INFO - 序列构造完成：总样本数3132，序列长度60，特征数9
2025-12-28 22:18:03,944 - INFO - 序列构造完成：总样本数3132，序列长度60，特征数9
2025-12-28 22:18:07,254 - INFO - 序列构造完成：总样本数7096，序列长度60，特征数9
2025-12-28 22:18:08,558 - INFO - 序列构造完成：总样本数2518，序列长度60，特征数9
2025-12-28 22:18:08,888 - INFO - 序列构造完成：总样本数360，序列长度60，特征数9
2025-12-28 22:18:10,050 - INFO - 序列构造完成：总样本数1558，序列长度60，特征数9
2025-12-28 22:18:11,384 - INFO - 股票数量=100 - LSTM 泛化能力评估（平均）：
2025-12-28 22:18:11,397 - INFO - MAE=1.06, MSE=4.73, RMSE=1.35, R2=0.9091
2025-12-28 22:18:11,573 - INFO - 序列构造完成：总样本数561，序列长度60，特征数9
2025-12-28 22:18:15,658 - INFO - 序列构造完成：总样本数2828，序列长度60，特征数9
2025-12-28 22:18:16,083 - INFO - 序列构造完成：总样本数585，序列长度60，特征数9
2025-12-28 22:18:16,647 - INFO - 序列构造完成：总样本数607，序列长度60，特征数9
2025-12-28 22:18:17,823 - INFO - 序列构造完成：总样本数3010，序列长度60，特征数9
2025-12-28 22:18:18,660 - INFO - 序列构造完成：总样本数1851，序列长度60，特征数9
2025-12-28 22:18:19,905 - INFO - 序列构造完成：总样本数3132，序列长度60，特征数9
2025-12-28 22:18:20,596 - INFO - 序列构造完成：总样本数1389，序列长度60，特征数9
2025-12-28 22:18:21,405 - INFO - 序列构造完成：总样本数2043，序列长度60，特征数9
2025-12-28 22:18:27,146 - INFO - 序列构造完成：总样本数8329，序列长度60，特征数9
2025-12-28 22:18:28,042 - INFO - 序列构造完成：总样本数633，序列长度60，特征数9
2025-12-28 22:18:28,326 - INFO - 序列构造完成：总样本数203，序列长度60，特征数9
2025-12-28 22:18:42,243 - INFO - 序列构造完成：总样本数12006，序列长度60，特征数9
2025-12-28 22:20:08,274 - INFO - 序列构造完成：总样本数2732，序列长度60，特征数9
2025-12-28 22:20:08,975 - INFO - 序列构造完成：总样本数491，序列长度60，特征数9
2025-12-28 22:20:10,695 - INFO - 序列构造完成：总样本数2612，序列长度60，特征数9
2025-12-28 22:20:11,929 - INFO - 序列构造完成：总样本数2931，序列长度60，特征数9
2025-12-28 22:20:12,678 - INFO - 序列构造完成：总样本数1445，序列长度60，特征数9
2025-12-28 22:20:14,032 - INFO - 序列构造完成：总样本数3131，序列长度60，特征数9
2025-12-28 22:20:15,388 - INFO - 序列构造完成：总样本数3132，序列长度60，特征数9
2025-12-28 22:20:16,874 - INFO - 序列构造完成：总样本数3132，序列长度60，特征数9
2025-12-28 22:20:20,141 - INFO - 序列构造完成：总样本数7096，序列长度60，特征数9
2025-12-28 22:20:21,534 - INFO - 序列构造完成：总样本数2518，序列长度60，特征数9
2025-12-28 22:20:22,037 - INFO - 序列构造完成：总样本数360，序列长度60，特征数9
2025-12-28 22:20:22,962 - INFO - 序列构造完成：总样本数1558，序列长度60，特征数9
2025-12-28 22:20:23,722 - INFO - 股票数量=100 - GRU 泛化能力评估（平均）：
2025-12-28 22:20:23,936 - INFO - MAE=1.44, MSE=9.96, RMSE=2.00, R2=0.8213
2025-12-28 22:20:24,098 - INFO - 序列构造完成：总样本数561，序列长度60，特征数9
2025-12-28 22:20:26,758 - INFO - 序列构造完成：总样本数2828，序列长度60，特征数9
2025-12-28 22:20:27,189 - INFO - 序列构造完成：总样本数585，序列长度60，特征数9
2025-12-28 22:20:27,544 - INFO - 序列构造完成：总样本数607，序列长度60，特征数9
2025-12-28 22:20:28,773 - INFO - 序列构造完成：总样本数3010，序列长度60，特征数9
2025-12-28 22:20:29,680 - INFO - 序列构造完成：总样本数1851，序列长度60，特征数9
2025-12-28 22:20:31,133 - INFO - 序列构造完成：总样本数3132，序列长度60，特征数9
2025-12-28 22:20:36,897 - INFO - 序列构造完成：总样本数1389，序列长度60，特征数9
2025-12-28 22:20:37,753 - INFO - 序列构造完成：总样本数2043，序列长度60，特征数9
2025-12-28 22:20:41,754 - INFO - 序列构造完成：总样本数8329，序列长度60，特征数9
2025-12-28 22:20:42,526 - INFO - 序列构造完成：总样本数633，序列长度60，特征数9
2025-12-28 22:20:42,807 - INFO - 序列构造完成：总样本数203，序列长度60，特征数9
2025-12-28 22:20:53,615 - INFO - 序列构造完成：总样本数12006，序列长度60，特征数9
2025-12-28 22:22:19,571 - INFO - 序列构造完成：总样本数2732，序列长度60，特征数9
2025-12-28 22:22:20,726 - INFO - 序列构造完成：总样本数491，序列长度60，特征数9
2025-12-28 22:22:21,788 - INFO - 序列构造完成：总样本数2612，序列长度60，特征数9
2025-12-28 22:22:22,936 - INFO - 序列构造完成：总样本数2931，序列长度60，特征数9
2025-12-28 22:22:23,562 - INFO - 序列构造完成：总样本数1445，序列长度60，特征数9
2025-12-28 22:22:24,937 - INFO - 序列构造完成：总样本数3131，序列长度60，特征数9
2025-12-28 22:22:26,231 - INFO - 序列构造完成：总样本数3132，序列长度60，特征数9
2025-12-28 22:22:27,513 - INFO - 序列构造完成：总样本数3132，序列长度60，特征数9
2025-12-28 22:22:30,743 - INFO - 序列构造完成：总样本数7096，序列长度60，特征数9
2025-12-28 22:22:32,239 - INFO - 序列构造完成：总样本数2518，序列长度60，特征数9
2025-12-28 22:22:32,587 - INFO - 序列构造完成：总样本数360，序列长度60，特征数9
2025-12-28 22:22:33,244 - INFO - 序列构造完成：总样本数1558，序列长度60，特征数9
2025-12-28 22:22:33,473 - INFO - 股票数量=100 - CNN-LSTM 泛化能力评估（平均）：
2025-12-28 22:22:33,496 - INFO - MAE=0.51, MSE=1.21, RMSE=0.68, R2=0.9597
2025-12-28 22:22:33,677 - INFO - 序列构造完成：总样本数561，序列长度60，特征数9
2025-12-28 22:22:35,113 - INFO - 序列构造完成：总样本数2828，序列长度60，特征数9
2025-12-28 22:22:35,553 - INFO - 序列构造完成：总样本数585，序列长度60，特征数9
2025-12-28 22:22:36,003 - INFO - 序列构造完成：总样本数607，序列长度60，特征数9
2025-12-28 22:22:37,150 - INFO - 序列构造完成：总样本数3010，序列长度60，特征数9
2025-12-28 22:22:38,207 - INFO - 序列构造完成：总样本数1851，序列长度60，特征数9
2025-12-28 22:22:39,477 - INFO - 序列构造完成：总样本数3132，序列长度60，特征数9
2025-12-28 22:22:40,192 - INFO - 序列构造完成：总样本数1389，序列长度60，特征数9
2025-12-28 22:22:43,180 - INFO - 序列构造完成：总样本数2043，序列长度60，特征数9
2025-12-28 22:22:47,239 - INFO - 序列构造完成：总样本数8329，序列长度60，特征数9
2025-12-28 22:22:50,061 - INFO - 序列构造完成：总样本数633，序列长度60，特征数9
2025-12-28 22:22:50,309 - INFO - 序列构造完成：总样本数203，序列长度60，特征数9
2025-12-28 22:22:58,780 - INFO - 序列构造完成：总样本数12006，序列长度60，特征数9
2025-12-28 22:23:28,425 - INFO - 序列构造完成：总样本数2732，序列长度60，特征数9
2025-12-28 22:23:28,857 - INFO - 序列构造完成：总样本数491，序列长度60，特征数9
2025-12-28 22:23:30,056 - INFO - 序列构造完成：总样本数2612，序列长度60，特征数9
2025-12-28 22:23:31,301 - INFO - 序列构造完成：总样本数2931，序列长度60，特征数9
2025-12-28 22:23:32,334 - INFO - 序列构造完成：总样本数1445，序列长度60，特征数9
2025-12-28 22:23:33,572 - INFO - 序列构造完成：总样本数3131，序列长度60，特征数9
2025-12-28 22:23:34,898 - INFO - 序列构造完成：总样本数3132，序列长度60，特征数9
2025-12-28 22:23:36,245 - INFO - 序列构造完成：总样本数3132，序列长度60，特征数9
2025-12-28 22:23:39,549 - INFO - 序列构造完成：总样本数7096，序列长度60，特征数9
2025-12-28 22:23:41,020 - INFO - 序列构造完成：总样本数2518，序列长度60，特征数9
2025-12-28 22:23:41,391 - INFO - 序列构造完成：总样本数360，序列长度60，特征数9
2025-12-28 22:23:42,057 - INFO - 序列构造完成：总样本数1558，序列长度60，特征数9
2025-12-28 22:23:42,343 - INFO - 股票数量=100 - Attention-LSTM 泛化能力评估（平均）：
2025-12-28 22:23:42,358 - INFO - MAE=1.22, MSE=7.39, RMSE=1.41, R2=0.9494
2025-12-28 22:23:42,358 - INFO - 股票数量100：所有模型评估完成，结果已保存
2025-12-28 22:23:42,358 - INFO - 
=====================================
2025-12-28 22:23:42,359 - INFO - 开始处理股票数量：200
2025-12-28 22:23:42,359 - INFO - =====================================

2025-12-28 22:23:43,224 - INFO - 总股票文件数：7195
2025-12-28 22:23:43,224 - INFO - 开始收集25只有效预留测试股票...
2025-12-28 22:23:44,925 - INFO - 预留测试股票收集进度：5/25
2025-12-28 22:23:47,662 - INFO - 预留测试股票收集进度：10/25
2025-12-28 22:23:48,665 - INFO - 预留测试股票收集进度：15/25
2025-12-28 22:23:48,996 - INFO - 预留测试股票收集进度：20/25
2025-12-28 22:23:49,277 - INFO - 预留测试股票收集进度：25/25
2025-12-28 22:23:49,277 - INFO - 预留测试股票收集完成：共25只有效股票（目标25只）
2025-12-28 22:23:49,277 - INFO - 预留测试股票数量达标！
2025-12-28 22:23:49,279 - INFO - 可用于训练的股票文件数：7170，开始遍历收集200只有效训练股票...
2025-12-28 22:23:49,959 - INFO - 训练股票收集进度：10/200
2025-12-28 22:23:51,298 - INFO - 训练股票收集进度：20/200
2025-12-28 22:23:51,863 - INFO - 训练股票收集进度：30/200
2025-12-28 22:23:52,691 - INFO - 训练股票收集进度：40/200
2025-12-28 22:23:53,773 - INFO - 训练股票收集进度：50/200
2025-12-28 22:23:55,586 - INFO - 训练股票收集进度：60/200
2025-12-28 22:23:56,724 - INFO - 训练股票收集进度：70/200
2025-12-28 22:23:57,378 - INFO - 训练股票收集进度：80/200
2025-12-28 22:23:58,138 - INFO - 训练股票收集进度：90/200
2025-12-28 22:23:59,119 - INFO - 训练股票收集进度：100/200
2025-12-28 22:23:59,832 - INFO - 训练股票收集进度：110/200
2025-12-28 22:24:02,537 - INFO - 训练股票收集进度：120/200
2025-12-28 22:24:04,017 - INFO - 训练股票收集进度：130/200
2025-12-28 22:24:04,493 - INFO - 训练股票收集进度：140/200
2025-12-28 22:24:05,300 - INFO - 训练股票收集进度：150/200
2025-12-28 22:24:06,064 - INFO - 训练股票收集进度：160/200
2025-12-28 22:24:06,819 - INFO - 训练股票收集进度：170/200
2025-12-28 22:24:07,158 - INFO - 训练股票收集进度：180/200
2025-12-28 22:24:07,724 - INFO - 训练股票收集进度：190/200
2025-12-28 22:24:08,465 - INFO - 训练股票收集进度：200/200
2025-12-28 22:24:08,466 - INFO - 训练股票收集完成：成功获取200只有效训练股票（目标200只）
2025-12-29 09:59:04,220 - INFO - 所有文件夹创建完成，全局日志保存至：./stock_training_results\logs\stock_gradient_training_pytorch.log
2025-12-29 09:59:04,220 - INFO - matplotlib中文字体配置生效，后续所有图片中文将正常显示
2025-12-29 09:59:04,223 - INFO - 总股票文件数：7195
2025-12-29 09:59:04,223 - INFO - 开始收集25只有效预留测试股票...
2025-12-29 09:59:04,462 - INFO - 预留测试股票收集进度：5/25
2025-12-29 09:59:04,698 - INFO - 预留测试股票收集进度：10/25
2025-12-29 09:59:04,777 - INFO - 预留测试股票收集进度：15/25
2025-12-29 09:59:04,967 - INFO - 预留测试股票收集进度：20/25
2025-12-29 09:59:05,165 - INFO - 预留测试股票收集进度：25/25
2025-12-29 09:59:05,165 - INFO - 预留测试股票收集完成：共25只有效股票（目标25只）
2025-12-29 09:59:05,165 - INFO - 预留测试股票数量达标！
2025-12-29 09:59:05,166 - INFO - 预留测试股票数量校验通过：25只（达标25只要求）
2025-12-29 09:59:05,166 - INFO - 
=====================================
2025-12-29 09:59:05,166 - INFO - 开始处理股票数量：1
2025-12-29 09:59:05,166 - INFO - =====================================

2025-12-29 09:59:05,169 - INFO - 总股票文件数：7195
2025-12-29 09:59:05,169 - INFO - 开始收集25只有效预留测试股票...
2025-12-29 09:59:05,275 - INFO - 预留测试股票收集进度：5/25
2025-12-29 09:59:05,387 - INFO - 预留测试股票收集进度：10/25
2025-12-29 09:59:05,483 - INFO - 预留测试股票收集进度：15/25
2025-12-29 09:59:05,629 - INFO - 预留测试股票收集进度：20/25
2025-12-29 09:59:05,824 - INFO - 预留测试股票收集进度：25/25
2025-12-29 09:59:05,824 - INFO - 预留测试股票收集完成：共25只有效股票（目标25只）
2025-12-29 09:59:05,824 - INFO - 预留测试股票数量达标！
2025-12-29 09:59:05,825 - INFO - 可用于训练的股票文件数：7170，开始遍历收集1只有效训练股票...
2025-12-29 09:59:05,828 - INFO - 训练股票收集完成：成功获取1只有效训练股票（目标1只）
2025-12-29 09:59:05,844 - INFO - 序列构造完成：总样本数39，序列长度60，特征数9
2025-12-29 09:59:05,844 - INFO - 数据集划分：训练集(31, 60, 9)，验证集(3, 60, 9)，内部测试集(5, 60, 9)
2025-12-29 09:59:11,997 - INFO - 当前模型训练日志将保存至：./stock_training_results\logs\training_log_stockCount_1_LSTM_pytorch.csv
2025-12-29 09:59:11,998 - INFO - 开始训练LSTM模型（股票数量：1，设备：cpu）
2025-12-29 09:59:12,088 - INFO - Epoch [5/50], Train Loss: 0.965715, Val Loss: 0.945983
2025-12-29 09:59:12,128 - INFO - Epoch [10/50], Train Loss: 0.880503, Val Loss: 0.851965
2025-12-29 09:59:12,169 - INFO - Epoch [15/50], Train Loss: 0.738114, Val Loss: 0.685204
2025-12-29 09:59:12,205 - INFO - Epoch [20/50], Train Loss: 0.489841, Val Loss: 0.426238
2025-12-29 09:59:12,247 - INFO - Epoch [25/50], Train Loss: 0.207897, Val Loss: 0.161903
2025-12-29 09:59:12,284 - INFO - Epoch [30/50], Train Loss: 0.057812, Val Loss: 0.026598
2025-12-29 09:59:12,315 - INFO - EarlyStopping counter: 1 out of 5
2025-12-29 09:59:12,322 - INFO - Epoch [35/50], Train Loss: 0.035131, Val Loss: 0.017940
2025-12-29 09:59:12,322 - INFO - EarlyStopping counter: 2 out of 5
2025-12-29 09:59:12,330 - INFO - EarlyStopping counter: 3 out of 5
2025-12-29 09:59:12,338 - INFO - EarlyStopping counter: 4 out of 5
2025-12-29 09:59:12,346 - INFO - EarlyStopping counter: 5 out of 5
2025-12-29 09:59:12,347 - INFO - Restored best model weights from early stopping
2025-12-29 09:59:12,347 - INFO - Early stopping triggered at epoch 38
2025-12-29 09:59:12,348 - INFO - 模型权重保存至：./stock_training_results\models\model_stockCount_1_LSTM_pytorch.pth
2025-12-29 09:59:14,014 - INFO - 损失曲线保存至：./stock_training_results\loss_curves\loss_curve_stockCount_1_LSTM_pytorch.png
2025-12-29 09:59:14,015 - INFO - 当前模型训练日志将保存至：./stock_training_results\logs\training_log_stockCount_1_GRU_pytorch.csv
2025-12-29 09:59:14,015 - INFO - 开始训练GRU模型（股票数量：1，设备：cpu）
2025-12-29 09:59:14,230 - INFO - Epoch [5/50], Train Loss: 0.239853, Val Loss: 0.192240
2025-12-29 09:59:14,387 - INFO - Epoch [10/50], Train Loss: 0.139177, Val Loss: 0.087577
2025-12-29 09:59:14,554 - INFO - Epoch [15/50], Train Loss: 0.049764, Val Loss: 0.016117
2025-12-29 09:59:14,656 - INFO - EarlyStopping counter: 1 out of 5
2025-12-29 09:59:14,685 - INFO - EarlyStopping counter: 2 out of 5
2025-12-29 09:59:14,716 - INFO - Epoch [20/50], Train Loss: 0.018620, Val Loss: 0.029409
2025-12-29 09:59:14,716 - INFO - EarlyStopping counter: 3 out of 5
2025-12-29 09:59:14,749 - INFO - EarlyStopping counter: 4 out of 5
2025-12-29 09:59:14,788 - INFO - EarlyStopping counter: 5 out of 5
2025-12-29 09:59:14,788 - INFO - Restored best model weights from early stopping
2025-12-29 09:59:14,788 - INFO - Early stopping triggered at epoch 22
2025-12-29 09:59:14,790 - INFO - 模型权重保存至：./stock_training_results\models\model_stockCount_1_GRU_pytorch.pth
2025-12-29 09:59:14,921 - INFO - 损失曲线保存至：./stock_training_results\loss_curves\loss_curve_stockCount_1_GRU_pytorch.png
2025-12-29 09:59:14,921 - INFO - 当前模型训练日志将保存至：./stock_training_results\logs\training_log_stockCount_1_CNN-LSTM_pytorch.csv
2025-12-29 09:59:14,921 - INFO - 开始训练CNN-LSTM模型（股票数量：1，设备：cpu）
2025-12-29 09:59:15,145 - INFO - Epoch [5/50], Train Loss: 0.806557, Val Loss: 0.765224
2025-12-29 09:59:15,171 - INFO - Epoch [10/50], Train Loss: 0.657114, Val Loss: 0.575030
2025-12-29 09:59:15,193 - INFO - Epoch [15/50], Train Loss: 0.401311, Val Loss: 0.278427
2025-12-29 09:59:15,215 - INFO - Epoch [20/50], Train Loss: 0.056830, Val Loss: 0.013312
2025-12-29 09:59:15,219 - INFO - EarlyStopping counter: 1 out of 5
2025-12-29 09:59:15,223 - INFO - EarlyStopping counter: 2 out of 5
2025-12-29 09:59:15,228 - INFO - EarlyStopping counter: 3 out of 5
2025-12-29 09:59:15,233 - INFO - EarlyStopping counter: 4 out of 5
2025-12-29 09:59:15,237 - INFO - Epoch [25/50], Train Loss: 0.071923, Val Loss: 0.105325
2025-12-29 09:59:15,237 - INFO - EarlyStopping counter: 5 out of 5
2025-12-29 09:59:15,238 - INFO - Restored best model weights from early stopping
2025-12-29 09:59:15,238 - INFO - Early stopping triggered at epoch 25
2025-12-29 09:59:15,239 - INFO - 模型权重保存至：./stock_training_results\models\model_stockCount_1_CNN-LSTM_pytorch.pth
2025-12-29 09:59:15,365 - INFO - 损失曲线保存至：./stock_training_results\loss_curves\loss_curve_stockCount_1_CNN-LSTM_pytorch.png
2025-12-29 09:59:15,366 - INFO - 当前模型训练日志将保存至：./stock_training_results\logs\training_log_stockCount_1_Attention-LSTM_pytorch.csv
2025-12-29 09:59:15,366 - INFO - 开始训练Attention-LSTM模型（股票数量：1，设备：cpu）
2025-12-29 09:59:15,465 - INFO - Epoch [5/50], Train Loss: 0.798362, Val Loss: 0.784542
2025-12-29 09:59:15,514 - INFO - Epoch [10/50], Train Loss: 0.702273, Val Loss: 0.672214
2025-12-29 09:59:15,560 - INFO - Epoch [15/50], Train Loss: 0.543417, Val Loss: 0.482264
2025-12-29 09:59:15,615 - INFO - Epoch [20/50], Train Loss: 0.271880, Val Loss: 0.210789
2025-12-29 09:59:15,665 - INFO - Epoch [25/50], Train Loss: 0.072958, Val Loss: 0.029427
2025-12-29 09:59:15,699 - INFO - EarlyStopping counter: 1 out of 5
2025-12-29 09:59:15,710 - INFO - EarlyStopping counter: 2 out of 5
2025-12-29 09:59:15,721 - INFO - Epoch [30/50], Train Loss: 0.038774, Val Loss: 0.024209
2025-12-29 09:59:15,721 - INFO - EarlyStopping counter: 3 out of 5
2025-12-29 09:59:15,731 - INFO - EarlyStopping counter: 4 out of 5
2025-12-29 09:59:15,739 - INFO - EarlyStopping counter: 5 out of 5
2025-12-29 09:59:15,740 - INFO - Restored best model weights from early stopping
2025-12-29 09:59:15,740 - INFO - Early stopping triggered at epoch 32
2025-12-29 09:59:15,741 - INFO - 模型权重保存至：./stock_training_results\models\model_stockCount_1_Attention-LSTM_pytorch.pth
2025-12-29 09:59:15,881 - INFO - 损失曲线保存至：./stock_training_results\loss_curves\loss_curve_stockCount_1_Attention-LSTM_pytorch.png
2025-12-29 09:59:16,966 - INFO - 序列构造完成：总样本数3133，序列长度60，特征数9
2025-12-29 09:59:17,381 - INFO - 序列构造完成：总样本数464，序列长度60，特征数9
2025-12-29 09:59:17,788 - INFO - 序列构造完成：总样本数851，序列长度60，特征数9
2025-12-29 09:59:18,424 - INFO - 序列构造完成：总样本数1533，序列长度60，特征数9
2025-12-29 09:59:19,735 - INFO - 序列构造完成：总样本数3132，序列长度60，特征数9
2025-12-29 09:59:20,296 - INFO - 序列构造完成：总样本数1087，序列长度60，特征数9
2025-12-29 09:59:20,529 - INFO - 序列构造完成：总样本数163，序列长度60，特征数9
2025-12-29 09:59:20,704 - INFO - 序列构造完成：总样本数101，序列长度60，特征数9
2025-12-29 09:59:21,281 - INFO - 序列构造完成：总样本数1409，序列长度60，特征数9
2025-12-29 09:59:22,471 - INFO - 序列构造完成：总样本数3019，序列长度60，特征数9
2025-12-29 09:59:23,082 - INFO - 序列构造完成：总样本数1131，序列长度60，特征数9
2025-12-29 09:59:23,283 - INFO - 序列构造完成：总样本数64，序列长度60，特征数9
2025-12-29 09:59:23,504 - INFO - 序列构造完成：总样本数183，序列长度60，特征数9
2025-12-29 09:59:24,707 - INFO - 序列构造完成：总样本数3132，序列长度60，特征数9
2025-12-29 09:59:26,008 - INFO - 序列构造完成：总样本数3132，序列长度60，特征数9
2025-12-29 09:59:26,558 - INFO - 序列构造完成：总样本数1050，序列长度60，特征数9
2025-12-29 09:59:27,007 - INFO - 序列构造完成：总样本数919，序列长度60，特征数9
2025-12-29 09:59:27,717 - INFO - 序列构造完成：总样本数1750，序列长度60，特征数9
2025-12-29 09:59:28,972 - INFO - 序列构造完成：总样本数3130，序列长度60，特征数9
2025-12-29 09:59:30,275 - INFO - 序列构造完成：总样本数3132，序列长度60，特征数9
2025-12-29 09:59:30,557 - INFO - 序列构造完成：总样本数164，序列长度60，特征数9
2025-12-29 09:59:30,807 - INFO - 序列构造完成：总样本数301，序列长度60，特征数9
2025-12-29 09:59:32,025 - INFO - 序列构造完成：总样本数3132，序列长度60，特征数9
2025-12-29 09:59:33,339 - INFO - 序列构造完成：总样本数3132，序列长度60，特征数9
2025-12-29 09:59:34,610 - INFO - 序列构造完成：总样本数3124，序列长度60，特征数9
2025-12-29 09:59:34,845 - INFO - 股票数量=1 - LSTM 泛化能力评估（平均）：
2025-12-29 09:59:34,845 - INFO - MAE=18.34, MSE=1129.20, RMSE=19.49, R2=-7.0121
2025-12-29 09:59:35,943 - INFO - 序列构造完成：总样本数3133，序列长度60，特征数9
2025-12-29 09:59:36,373 - INFO - 序列构造完成：总样本数464，序列长度60，特征数9
2025-12-29 09:59:36,883 - INFO - 序列构造完成：总样本数851，序列长度60，特征数9
2025-12-29 09:59:37,569 - INFO - 序列构造完成：总样本数1533，序列长度60，特征数9
2025-12-29 09:59:38,864 - INFO - 序列构造完成：总样本数3132，序列长度60，特征数9
2025-12-29 09:59:39,491 - INFO - 序列构造完成：总样本数1087，序列长度60，特征数9
2025-12-29 09:59:39,738 - INFO - 序列构造完成：总样本数163，序列长度60，特征数9
2025-12-29 09:59:39,914 - INFO - 序列构造完成：总样本数101，序列长度60，特征数9
2025-12-29 09:59:40,499 - INFO - 序列构造完成：总样本数1409，序列长度60，特征数9
2025-12-29 09:59:41,725 - INFO - 序列构造完成：总样本数3019，序列长度60，特征数9
2025-12-29 09:59:42,352 - INFO - 序列构造完成：总样本数1131，序列长度60，特征数9
2025-12-29 09:59:42,571 - INFO - 序列构造完成：总样本数64，序列长度60，特征数9
2025-12-29 09:59:42,789 - INFO - 序列构造完成：总样本数183，序列长度60，特征数9
2025-12-29 09:59:44,011 - INFO - 序列构造完成：总样本数3132，序列长度60，特征数9
2025-12-29 09:59:45,356 - INFO - 序列构造完成：总样本数3132，序列长度60，特征数9
2025-12-29 09:59:45,970 - INFO - 序列构造完成：总样本数1050，序列长度60，特征数9
2025-12-29 09:59:46,422 - INFO - 序列构造完成：总样本数919，序列长度60，特征数9
2025-12-29 09:59:47,146 - INFO - 序列构造完成：总样本数1750，序列长度60，特征数9
2025-12-29 09:59:48,447 - INFO - 序列构造完成：总样本数3130，序列长度60，特征数9
2025-12-29 09:59:49,845 - INFO - 序列构造完成：总样本数3132，序列长度60，特征数9
2025-12-29 09:59:50,199 - INFO - 序列构造完成：总样本数164，序列长度60，特征数9
2025-12-29 09:59:50,454 - INFO - 序列构造完成：总样本数301，序列长度60，特征数9
2025-12-29 09:59:51,687 - INFO - 序列构造完成：总样本数3132，序列长度60，特征数9
2025-12-29 09:59:53,041 - INFO - 序列构造完成：总样本数3132，序列长度60，特征数9
2025-12-29 09:59:54,391 - INFO - 序列构造完成：总样本数3124，序列长度60，特征数9
2025-12-29 09:59:54,692 - INFO - 股票数量=1 - GRU 泛化能力评估（平均）：
2025-12-29 09:59:54,692 - INFO - MAE=14.71, MSE=684.68, RMSE=15.39, R2=-4.2695
2025-12-29 09:59:55,755 - INFO - 序列构造完成：总样本数3133，序列长度60，特征数9
2025-12-29 09:59:56,111 - INFO - 序列构造完成：总样本数464，序列长度60，特征数9
2025-12-29 09:59:56,517 - INFO - 序列构造完成：总样本数851，序列长度60，特征数9
2025-12-29 09:59:57,150 - INFO - 序列构造完成：总样本数1533，序列长度60，特征数9
2025-12-29 09:59:58,382 - INFO - 序列构造完成：总样本数3132，序列长度60，特征数9
2025-12-29 09:59:58,918 - INFO - 序列构造完成：总样本数1087，序列长度60，特征数9
2025-12-29 09:59:59,138 - INFO - 序列构造完成：总样本数163，序列长度60，特征数9
2025-12-29 09:59:59,322 - INFO - 序列构造完成：总样本数101，序列长度60，特征数9
2025-12-29 09:59:59,979 - INFO - 序列构造完成：总样本数1409，序列长度60，特征数9
2025-12-29 10:00:01,161 - INFO - 序列构造完成：总样本数3019，序列长度60，特征数9
2025-12-29 10:00:01,693 - INFO - 序列构造完成：总样本数1131，序列长度60，特征数9
2025-12-29 10:00:01,879 - INFO - 序列构造完成：总样本数64，序列长度60，特征数9
2025-12-29 10:00:02,084 - INFO - 序列构造完成：总样本数183，序列长度60，特征数9
2025-12-29 10:00:03,306 - INFO - 序列构造完成：总样本数3132，序列长度60，特征数9
2025-12-29 10:00:04,561 - INFO - 序列构造完成：总样本数3132，序列长度60，特征数9
2025-12-29 10:00:05,081 - INFO - 序列构造完成：总样本数1050，序列长度60，特征数9
2025-12-29 10:00:05,513 - INFO - 序列构造完成：总样本数919，序列长度60，特征数9
2025-12-29 10:00:06,223 - INFO - 序列构造完成：总样本数1750，序列长度60，特征数9
2025-12-29 10:00:07,467 - INFO - 序列构造完成：总样本数3130，序列长度60，特征数9
2025-12-29 10:00:08,765 - INFO - 序列构造完成：总样本数3132，序列长度60，特征数9
2025-12-29 10:00:09,033 - INFO - 序列构造完成：总样本数164，序列长度60，特征数9
2025-12-29 10:00:09,277 - INFO - 序列构造完成：总样本数301，序列长度60，特征数9
2025-12-29 10:00:10,482 - INFO - 序列构造完成：总样本数3132，序列长度60，特征数9
2025-12-29 10:00:11,767 - INFO - 序列构造完成：总样本数3132，序列长度60，特征数9
2025-12-29 10:00:13,037 - INFO - 序列构造完成：总样本数3124，序列长度60，特征数9
2025-12-29 10:00:13,251 - INFO - 股票数量=1 - CNN-LSTM 泛化能力评估（平均）：
2025-12-29 10:00:13,251 - INFO - MAE=15.57, MSE=689.19, RMSE=15.87, R2=-5.2038
2025-12-29 10:00:14,325 - INFO - 序列构造完成：总样本数3133，序列长度60，特征数9
2025-12-29 10:00:14,798 - INFO - 序列构造完成：总样本数464，序列长度60，特征数9
2025-12-29 10:00:15,229 - INFO - 序列构造完成：总样本数851，序列长度60，特征数9
2025-12-29 10:00:15,880 - INFO - 序列构造完成：总样本数1533，序列长度60，特征数9
2025-12-29 10:00:17,161 - INFO - 序列构造完成：总样本数3132，序列长度60，特征数9
2025-12-29 10:00:17,796 - INFO - 序列构造完成：总样本数1087，序列长度60，特征数9
2025-12-29 10:00:18,049 - INFO - 序列构造完成：总样本数163，序列长度60，特征数9
2025-12-29 10:00:18,235 - INFO - 序列构造完成：总样本数101，序列长度60，特征数9
2025-12-29 10:00:18,815 - INFO - 序列构造完成：总样本数1409，序列长度60，特征数9
2025-12-29 10:00:20,115 - INFO - 序列构造完成：总样本数3019，序列长度60，特征数9
2025-12-29 10:00:20,796 - INFO - 序列构造完成：总样本数1131，序列长度60，特征数9
2025-12-29 10:00:21,032 - INFO - 序列构造完成：总样本数64，序列长度60，特征数9
2025-12-29 10:00:21,239 - INFO - 序列构造完成：总样本数183，序列长度60，特征数9
2025-12-29 10:00:22,472 - INFO - 序列构造完成：总样本数3132，序列长度60，特征数9
2025-12-29 10:00:23,853 - INFO - 序列构造完成：总样本数3132，序列长度60，特征数9
2025-12-29 10:00:24,476 - INFO - 序列构造完成：总样本数1050，序列长度60，特征数9
2025-12-29 10:00:24,961 - INFO - 序列构造完成：总样本数919，序列长度60，特征数9
2025-12-29 10:00:25,697 - INFO - 序列构造完成：总样本数1750，序列长度60，特征数9
2025-12-29 10:00:26,992 - INFO - 序列构造完成：总样本数3130，序列长度60，特征数9
2025-12-29 10:00:28,387 - INFO - 序列构造完成：总样本数3132，序列长度60，特征数9
2025-12-29 10:00:28,778 - INFO - 序列构造完成：总样本数164，序列长度60，特征数9
2025-12-29 10:00:29,039 - INFO - 序列构造完成：总样本数301，序列长度60，特征数9
2025-12-29 10:00:30,243 - INFO - 序列构造完成：总样本数3132，序列长度60，特征数9
2025-12-29 10:00:31,610 - INFO - 序列构造完成：总样本数3132，序列长度60，特征数9
2025-12-29 10:00:32,989 - INFO - 序列构造完成：总样本数3124，序列长度60，特征数9
2025-12-29 10:00:33,313 - INFO - 股票数量=1 - Attention-LSTM 泛化能力评估（平均）：
2025-12-29 10:00:33,313 - INFO - MAE=18.78, MSE=1177.45, RMSE=19.93, R2=-7.3966
2025-12-29 10:00:33,314 - INFO - 股票数量1：所有模型评估完成，结果已保存
2025-12-29 10:00:33,314 - INFO - 
=====================================
2025-12-29 10:00:33,314 - INFO - 开始处理股票数量：10
2025-12-29 10:00:33,314 - INFO - =====================================

2025-12-29 10:00:33,317 - INFO - 总股票文件数：7195
2025-12-29 10:00:33,317 - INFO - 开始收集25只有效预留测试股票...
2025-12-29 10:00:33,467 - INFO - 预留测试股票收集进度：5/25
2025-12-29 10:00:33,572 - INFO - 预留测试股票收集进度：10/25
2025-12-29 10:00:33,685 - INFO - 预留测试股票收集进度：15/25
2025-12-29 10:00:33,839 - INFO - 预留测试股票收集进度：20/25
2025-12-29 10:00:33,943 - INFO - 预留测试股票收集进度：25/25
2025-12-29 10:00:33,943 - INFO - 预留测试股票收集完成：共25只有效股票（目标25只）
2025-12-29 10:00:33,944 - INFO - 预留测试股票数量达标！
2025-12-29 10:00:33,946 - INFO - 可用于训练的股票文件数：7170，开始遍历收集10只有效训练股票...
2025-12-29 10:00:34,160 - INFO - 训练股票收集进度：10/10
2025-12-29 10:00:34,160 - INFO - 训练股票收集完成：成功获取10只有效训练股票（目标10只）
2025-12-29 10:00:39,665 - INFO - 序列构造完成：总样本数16412，序列长度60，特征数9
2025-12-29 10:00:39,704 - INFO - 数据集划分：训练集(13129, 60, 9)，验证集(1641, 60, 9)，内部测试集(1642, 60, 9)
2025-12-29 10:00:39,711 - INFO - 当前模型训练日志将保存至：./stock_training_results\logs\training_log_stockCount_10_LSTM_pytorch.csv
2025-12-29 10:00:39,711 - INFO - 开始训练LSTM模型（股票数量：10，设备：cpu）
2025-12-29 10:00:53,749 - INFO - Epoch [5/50], Train Loss: 0.002737, Val Loss: 0.004395
2025-12-29 10:00:59,310 - INFO - EarlyStopping counter: 1 out of 5
2025-12-29 10:01:07,668 - INFO - Epoch [10/50], Train Loss: 0.001721, Val Loss: 0.002076
2025-12-29 10:01:21,739 - INFO - Epoch [15/50], Train Loss: 0.001403, Val Loss: 0.001035
2025-12-29 10:01:35,674 - INFO - Epoch [20/50], Train Loss: 0.001070, Val Loss: 0.000870
2025-12-29 10:01:35,674 - INFO - EarlyStopping counter: 1 out of 5
2025-12-29 10:01:38,540 - INFO - EarlyStopping counter: 2 out of 5
2025-12-29 10:01:41,335 - INFO - EarlyStopping counter: 3 out of 5
2025-12-29 10:01:44,140 - INFO - EarlyStopping counter: 4 out of 5
2025-12-29 10:01:46,918 - INFO - EarlyStopping counter: 5 out of 5
2025-12-29 10:01:46,919 - INFO - Restored best model weights from early stopping
2025-12-29 10:01:46,919 - INFO - Early stopping triggered at epoch 24
2025-12-29 10:01:46,920 - INFO - 模型权重保存至：./stock_training_results\models\model_stockCount_10_LSTM_pytorch.pth
2025-12-29 10:01:47,057 - INFO - 损失曲线保存至：./stock_training_results\loss_curves\loss_curve_stockCount_10_LSTM_pytorch.png
2025-12-29 10:01:47,062 - INFO - 当前模型训练日志将保存至：./stock_training_results\logs\training_log_stockCount_10_GRU_pytorch.csv
2025-12-29 10:01:47,062 - INFO - 开始训练GRU模型（股票数量：10，设备：cpu）
2025-12-29 10:02:09,400 - INFO - EarlyStopping counter: 1 out of 5
2025-12-29 10:02:31,714 - INFO - EarlyStopping counter: 1 out of 5
2025-12-29 10:02:42,893 - INFO - Epoch [5/50], Train Loss: 0.002082, Val Loss: 0.000860
2025-12-29 10:02:54,104 - INFO - EarlyStopping counter: 1 out of 5
2025-12-29 10:03:05,402 - INFO - EarlyStopping counter: 2 out of 5
2025-12-29 10:03:16,689 - INFO - EarlyStopping counter: 3 out of 5
2025-12-29 10:03:27,954 - INFO - EarlyStopping counter: 4 out of 5
2025-12-29 10:03:39,199 - INFO - Epoch [10/50], Train Loss: 0.001496, Val Loss: 0.001086
2025-12-29 10:03:39,199 - INFO - EarlyStopping counter: 5 out of 5
2025-12-29 10:03:39,200 - INFO - Restored best model weights from early stopping
2025-12-29 10:03:39,200 - INFO - Early stopping triggered at epoch 10
2025-12-29 10:03:39,201 - INFO - 模型权重保存至：./stock_training_results\models\model_stockCount_10_GRU_pytorch.pth
2025-12-29 10:03:39,333 - INFO - 损失曲线保存至：./stock_training_results\loss_curves\loss_curve_stockCount_10_GRU_pytorch.png
2025-12-29 10:03:39,338 - INFO - 当前模型训练日志将保存至：./stock_training_results\logs\training_log_stockCount_10_CNN-LSTM_pytorch.csv
2025-12-29 10:03:39,339 - INFO - 开始训练CNN-LSTM模型（股票数量：10，设备：cpu）
2025-12-29 10:03:42,582 - INFO - EarlyStopping counter: 1 out of 5
2025-12-29 10:03:44,186 - INFO - EarlyStopping counter: 2 out of 5
2025-12-29 10:03:47,426 - INFO - Epoch [5/50], Train Loss: 0.002161, Val Loss: 0.003455
2025-12-29 10:03:52,303 - INFO - EarlyStopping counter: 1 out of 5
2025-12-29 10:03:55,592 - INFO - Epoch [10/50], Train Loss: 0.001202, Val Loss: 0.000728
2025-12-29 10:03:55,592 - INFO - EarlyStopping counter: 1 out of 5
2025-12-29 10:03:57,223 - INFO - EarlyStopping counter: 2 out of 5
2025-12-29 10:03:58,856 - INFO - EarlyStopping counter: 3 out of 5
2025-12-29 10:04:00,483 - INFO - EarlyStopping counter: 4 out of 5
2025-12-29 10:04:02,102 - INFO - EarlyStopping counter: 5 out of 5
2025-12-29 10:04:02,102 - INFO - Restored best model weights from early stopping
2025-12-29 10:04:02,102 - INFO - Early stopping triggered at epoch 14
2025-12-29 10:04:02,103 - INFO - 模型权重保存至：./stock_training_results\models\model_stockCount_10_CNN-LSTM_pytorch.pth
2025-12-29 10:04:02,231 - INFO - 损失曲线保存至：./stock_training_results\loss_curves\loss_curve_stockCount_10_CNN-LSTM_pytorch.png
2025-12-29 10:04:02,236 - INFO - 当前模型训练日志将保存至：./stock_training_results\logs\training_log_stockCount_10_Attention-LSTM_pytorch.csv
2025-12-29 10:04:02,236 - INFO - 开始训练Attention-LSTM模型（股票数量：10，设备：cpu）
2025-12-29 10:04:12,804 - INFO - EarlyStopping counter: 1 out of 5
2025-12-29 10:04:19,815 - INFO - Epoch [5/50], Train Loss: 0.008665, Val Loss: 0.019989
2025-12-29 10:04:26,873 - INFO - EarlyStopping counter: 1 out of 5
2025-12-29 10:04:30,376 - INFO - EarlyStopping counter: 2 out of 5
2025-12-29 10:04:33,890 - INFO - EarlyStopping counter: 3 out of 5
2025-12-29 10:04:37,398 - INFO - Epoch [10/50], Train Loss: 0.005936, Val Loss: 0.016328
2025-12-29 10:04:54,984 - INFO - Epoch [15/50], Train Loss: 0.004849, Val Loss: 0.010528
2025-12-29 10:04:58,483 - INFO - EarlyStopping counter: 1 out of 5
2025-12-29 10:05:01,978 - INFO - EarlyStopping counter: 2 out of 5
2025-12-29 10:05:05,467 - INFO - EarlyStopping counter: 3 out of 5
2025-12-29 10:05:08,978 - INFO - EarlyStopping counter: 4 out of 5
2025-12-29 10:05:12,466 - INFO - Epoch [20/50], Train Loss: 0.003698, Val Loss: 0.008306
2025-12-29 10:05:15,943 - INFO - EarlyStopping counter: 1 out of 5
2025-12-29 10:05:19,461 - INFO - EarlyStopping counter: 2 out of 5
2025-12-29 10:05:29,927 - INFO - Epoch [25/50], Train Loss: 0.002911, Val Loss: 0.008731
2025-12-29 10:05:29,927 - INFO - EarlyStopping counter: 1 out of 5
2025-12-29 10:05:33,432 - INFO - EarlyStopping counter: 2 out of 5
2025-12-29 10:05:40,688 - INFO - EarlyStopping counter: 1 out of 5
2025-12-29 10:05:44,337 - INFO - EarlyStopping counter: 2 out of 5
2025-12-29 10:05:48,023 - INFO - Epoch [30/50], Train Loss: 0.002101, Val Loss: 0.010493
2025-12-29 10:05:48,023 - INFO - EarlyStopping counter: 3 out of 5
2025-12-29 10:05:51,686 - INFO - EarlyStopping counter: 4 out of 5
2025-12-29 10:05:59,327 - INFO - EarlyStopping counter: 1 out of 5
2025-12-29 10:06:07,067 - INFO - Epoch [35/50], Train Loss: 0.001766, Val Loss: 0.007460
2025-12-29 10:06:07,067 - INFO - EarlyStopping counter: 1 out of 5
2025-12-29 10:06:10,956 - INFO - EarlyStopping counter: 2 out of 5
2025-12-29 10:06:14,697 - INFO - EarlyStopping counter: 3 out of 5
2025-12-29 10:06:18,263 - INFO - EarlyStopping counter: 4 out of 5
2025-12-29 10:06:21,855 - INFO - EarlyStopping counter: 5 out of 5
2025-12-29 10:06:21,855 - INFO - Restored best model weights from early stopping
2025-12-29 10:06:21,855 - INFO - Early stopping triggered at epoch 39
2025-12-29 10:06:21,857 - INFO - 模型权重保存至：./stock_training_results\models\model_stockCount_10_Attention-LSTM_pytorch.pth
2025-12-29 10:06:21,999 - INFO - 损失曲线保存至：./stock_training_results\loss_curves\loss_curve_stockCount_10_Attention-LSTM_pytorch.png
2025-12-29 10:06:23,131 - INFO - 序列构造完成：总样本数3133，序列长度60，特征数9
2025-12-29 10:06:23,496 - INFO - 序列构造完成：总样本数464，序列长度60，特征数9
2025-12-29 10:06:23,915 - INFO - 序列构造完成：总样本数851，序列长度60，特征数9
2025-12-29 10:06:24,534 - INFO - 序列构造完成：总样本数1533，序列长度60，特征数9
2025-12-29 10:06:25,769 - INFO - 序列构造完成：总样本数3132，序列长度60，特征数9
2025-12-29 10:06:26,301 - INFO - 序列构造完成：总样本数1087，序列长度60，特征数9
2025-12-29 10:06:26,603 - INFO - 序列构造完成：总样本数163，序列长度60，特征数9
2025-12-29 10:06:26,787 - INFO - 序列构造完成：总样本数101，序列长度60，特征数9
2025-12-29 10:06:27,377 - INFO - 序列构造完成：总样本数1409，序列长度60，特征数9
2025-12-29 10:06:28,557 - INFO - 序列构造完成：总样本数3019，序列长度60，特征数9
2025-12-29 10:06:29,127 - INFO - 序列构造完成：总样本数1131，序列长度60，特征数9
2025-12-29 10:06:29,307 - INFO - 序列构造完成：总样本数64，序列长度60，特征数9
2025-12-29 10:06:29,527 - INFO - 序列构造完成：总样本数183，序列长度60，特征数9
2025-12-29 10:06:30,734 - INFO - 序列构造完成：总样本数3132，序列长度60，特征数9
2025-12-29 10:06:32,013 - INFO - 序列构造完成：总样本数3132，序列长度60，特征数9
2025-12-29 10:06:32,532 - INFO - 序列构造完成：总样本数1050，序列长度60，特征数9
2025-12-29 10:06:32,974 - INFO - 序列构造完成：总样本数919，序列长度60，特征数9
2025-12-29 10:06:33,673 - INFO - 序列构造完成：总样本数1750，序列长度60，特征数9
2025-12-29 10:06:34,919 - INFO - 序列构造完成：总样本数3130，序列长度60，特征数9
2025-12-29 10:06:36,224 - INFO - 序列构造完成：总样本数3132，序列长度60，特征数9
2025-12-29 10:06:36,497 - INFO - 序列构造完成：总样本数164，序列长度60，特征数9
2025-12-29 10:06:36,763 - INFO - 序列构造完成：总样本数301，序列长度60，特征数9
2025-12-29 10:06:37,963 - INFO - 序列构造完成：总样本数3132，序列长度60，特征数9
2025-12-29 10:06:39,243 - INFO - 序列构造完成：总样本数3132，序列长度60，特征数9
2025-12-29 10:06:40,496 - INFO - 序列构造完成：总样本数3124，序列长度60，特征数9
2025-12-29 10:06:40,716 - INFO - 股票数量=10 - LSTM 泛化能力评估（平均）：
2025-12-29 10:06:40,716 - INFO - MAE=0.73, MSE=2.18, RMSE=1.02, R2=0.9319
2025-12-29 10:06:41,781 - INFO - 序列构造完成：总样本数3133，序列长度60，特征数9
2025-12-29 10:06:42,209 - INFO - 序列构造完成：总样本数464，序列长度60，特征数9
2025-12-29 10:06:42,632 - INFO - 序列构造完成：总样本数851，序列长度60，特征数9
2025-12-29 10:06:43,265 - INFO - 序列构造完成：总样本数1533，序列长度60，特征数9
2025-12-29 10:06:44,528 - INFO - 序列构造完成：总样本数3132，序列长度60，特征数9
2025-12-29 10:06:45,122 - INFO - 序列构造完成：总样本数1087，序列长度60，特征数9
2025-12-29 10:06:45,371 - INFO - 序列构造完成：总样本数163，序列长度60，特征数9
2025-12-29 10:06:45,572 - INFO - 序列构造完成：总样本数101，序列长度60，特征数9
2025-12-29 10:06:46,148 - INFO - 序列构造完成：总样本数1409，序列长度60，特征数9
2025-12-29 10:06:47,355 - INFO - 序列构造完成：总样本数3019，序列长度60，特征数9
2025-12-29 10:06:48,060 - INFO - 序列构造完成：总样本数1131，序列长度60，特征数9
2025-12-29 10:06:48,267 - INFO - 序列构造完成：总样本数64，序列长度60，特征数9
2025-12-29 10:06:48,491 - INFO - 序列构造完成：总样本数183，序列长度60，特征数9
2025-12-29 10:06:49,711 - INFO - 序列构造完成：总样本数3132，序列长度60，特征数9
2025-12-29 10:06:51,031 - INFO - 序列构造完成：总样本数3132，序列长度60，特征数9
2025-12-29 10:06:51,609 - INFO - 序列构造完成：总样本数1050，序列长度60，特征数9
2025-12-29 10:06:52,062 - INFO - 序列构造完成：总样本数919，序列长度60，特征数9
2025-12-29 10:06:52,790 - INFO - 序列构造完成：总样本数1750，序列长度60，特征数9
2025-12-29 10:06:54,070 - INFO - 序列构造完成：总样本数3130，序列长度60，特征数9
2025-12-29 10:06:55,396 - INFO - 序列构造完成：总样本数3132，序列长度60，特征数9
2025-12-29 10:06:55,722 - INFO - 序列构造完成：总样本数164，序列长度60，特征数9
2025-12-29 10:06:55,977 - INFO - 序列构造完成：总样本数301，序列长度60，特征数9
2025-12-29 10:06:57,194 - INFO - 序列构造完成：总样本数3132，序列长度60，特征数9
2025-12-29 10:06:58,521 - INFO - 序列构造完成：总样本数3132，序列长度60，特征数9
2025-12-29 10:06:59,838 - INFO - 序列构造完成：总样本数3124，序列长度60，特征数9
2025-12-29 10:07:00,115 - INFO - 股票数量=10 - GRU 泛化能力评估（平均）：
2025-12-29 10:07:00,116 - INFO - MAE=1.00, MSE=3.27, RMSE=1.22, R2=0.9157
2025-12-29 10:07:01,184 - INFO - 序列构造完成：总样本数3133，序列长度60，特征数9
2025-12-29 10:07:01,557 - INFO - 序列构造完成：总样本数464，序列长度60，特征数9
2025-12-29 10:07:01,996 - INFO - 序列构造完成：总样本数851，序列长度60，特征数9
2025-12-29 10:07:02,611 - INFO - 序列构造完成：总样本数1533，序列长度60，特征数9
2025-12-29 10:07:03,831 - INFO - 序列构造完成：总样本数3132，序列长度60，特征数9
2025-12-29 10:07:04,361 - INFO - 序列构造完成：总样本数1087，序列长度60，特征数9
2025-12-29 10:07:04,571 - INFO - 序列构造完成：总样本数163，序列长度60，特征数9
2025-12-29 10:07:04,759 - INFO - 序列构造完成：总样本数101，序列长度60，特征数9
2025-12-29 10:07:05,337 - INFO - 序列构造完成：总样本数1409，序列长度60，特征数9
2025-12-29 10:07:06,518 - INFO - 序列构造完成：总样本数3019，序列长度60，特征数9
2025-12-29 10:07:07,058 - INFO - 序列构造完成：总样本数1131，序列长度60，特征数9
2025-12-29 10:07:07,228 - INFO - 序列构造完成：总样本数64，序列长度60，特征数9
2025-12-29 10:07:07,448 - INFO - 序列构造完成：总样本数183，序列长度60，特征数9
2025-12-29 10:07:08,736 - INFO - 序列构造完成：总样本数3132，序列长度60，特征数9
2025-12-29 10:07:10,035 - INFO - 序列构造完成：总样本数3132，序列长度60，特征数9
2025-12-29 10:07:10,563 - INFO - 序列构造完成：总样本数1050，序列长度60，特征数9
2025-12-29 10:07:11,018 - INFO - 序列构造完成：总样本数919，序列长度60，特征数9
2025-12-29 10:07:11,732 - INFO - 序列构造完成：总样本数1750，序列长度60，特征数9
2025-12-29 10:07:12,984 - INFO - 序列构造完成：总样本数3130，序列长度60，特征数9
2025-12-29 10:07:14,301 - INFO - 序列构造完成：总样本数3132，序列长度60，特征数9
2025-12-29 10:07:14,552 - INFO - 序列构造完成：总样本数164，序列长度60，特征数9
2025-12-29 10:07:14,821 - INFO - 序列构造完成：总样本数301，序列长度60，特征数9
2025-12-29 10:07:16,044 - INFO - 序列构造完成：总样本数3132，序列长度60，特征数9
2025-12-29 10:07:17,318 - INFO - 序列构造完成：总样本数3132，序列长度60，特征数9
2025-12-29 10:07:18,562 - INFO - 序列构造完成：总样本数3124，序列长度60，特征数9
2025-12-29 10:07:18,776 - INFO - 股票数量=10 - CNN-LSTM 泛化能力评估（平均）：
2025-12-29 10:07:18,776 - INFO - MAE=1.06, MSE=4.06, RMSE=1.19, R2=0.9386
2025-12-29 10:07:19,837 - INFO - 序列构造完成：总样本数3133，序列长度60，特征数9
2025-12-29 10:07:20,274 - INFO - 序列构造完成：总样本数464，序列长度60，特征数9
2025-12-29 10:07:20,689 - INFO - 序列构造完成：总样本数851，序列长度60，特征数9
2025-12-29 10:07:21,325 - INFO - 序列构造完成：总样本数1533，序列长度60，特征数9
2025-12-29 10:07:22,580 - INFO - 序列构造完成：总样本数3132，序列长度60，特征数9
2025-12-29 10:07:23,194 - INFO - 序列构造完成：总样本数1087，序列长度60，特征数9
2025-12-29 10:07:23,438 - INFO - 序列构造完成：总样本数163，序列长度60，特征数9
2025-12-29 10:07:23,618 - INFO - 序列构造完成：总样本数101，序列长度60，特征数9
2025-12-29 10:07:24,192 - INFO - 序列构造完成：总样本数1409，序列长度60，特征数9
2025-12-29 10:07:25,408 - INFO - 序列构造完成：总样本数3019，序列长度60，特征数9
2025-12-29 10:07:26,035 - INFO - 序列构造完成：总样本数1131，序列长度60，特征数9
2025-12-29 10:07:26,243 - INFO - 序列构造完成：总样本数64，序列长度60，特征数9
2025-12-29 10:07:26,458 - INFO - 序列构造完成：总样本数183，序列长度60，特征数9
2025-12-29 10:07:27,658 - INFO - 序列构造完成：总样本数3132，序列长度60，特征数9
2025-12-29 10:07:29,084 - INFO - 序列构造完成：总样本数3132，序列长度60，特征数9
2025-12-29 10:07:29,715 - INFO - 序列构造完成：总样本数1050，序列长度60，特征数9
2025-12-29 10:07:30,168 - INFO - 序列构造完成：总样本数919，序列长度60，特征数9
2025-12-29 10:07:30,887 - INFO - 序列构造完成：总样本数1750，序列长度60，特征数9
2025-12-29 10:07:32,163 - INFO - 序列构造完成：总样本数3130，序列长度60，特征数9
2025-12-29 10:07:33,507 - INFO - 序列构造完成：总样本数3132，序列长度60，特征数9
2025-12-29 10:07:33,869 - INFO - 序列构造完成：总样本数164，序列长度60，特征数9
2025-12-29 10:07:34,113 - INFO - 序列构造完成：总样本数301，序列长度60，特征数9
2025-12-29 10:07:35,312 - INFO - 序列构造完成：总样本数3132，序列长度60，特征数9
2025-12-29 10:07:36,657 - INFO - 序列构造完成：总样本数3132，序列长度60，特征数9
2025-12-29 10:07:37,989 - INFO - 序列构造完成：总样本数3124，序列长度60，特征数9
2025-12-29 10:07:38,282 - INFO - 股票数量=10 - Attention-LSTM 泛化能力评估（平均）：
2025-12-29 10:07:38,282 - INFO - MAE=2.09, MSE=16.56, RMSE=2.36, R2=0.8036
2025-12-29 10:07:38,283 - INFO - 股票数量10：所有模型评估完成，结果已保存
2025-12-29 10:07:38,283 - INFO - 
=====================================
2025-12-29 10:07:38,283 - INFO - 开始处理股票数量：50
2025-12-29 10:07:38,283 - INFO - =====================================

2025-12-29 10:07:38,286 - INFO - 总股票文件数：7195
2025-12-29 10:07:38,286 - INFO - 开始收集25只有效预留测试股票...
2025-12-29 10:07:38,528 - INFO - 预留测试股票收集进度：5/25
2025-12-29 10:07:38,650 - INFO - 预留测试股票收集进度：10/25
2025-12-29 10:07:38,759 - INFO - 预留测试股票收集进度：15/25
2025-12-29 10:07:38,856 - INFO - 预留测试股票收集进度：20/25
2025-12-29 10:07:39,006 - INFO - 预留测试股票收集进度：25/25
2025-12-29 10:07:39,006 - INFO - 预留测试股票收集完成：共25只有效股票（目标25只）
2025-12-29 10:07:39,006 - INFO - 预留测试股票数量达标！
2025-12-29 10:07:39,008 - INFO - 可用于训练的股票文件数：7170，开始遍历收集50只有效训练股票...
2025-12-29 10:07:39,232 - INFO - 训练股票收集进度：10/50
2025-12-29 10:07:39,430 - INFO - 训练股票收集进度：20/50
2025-12-29 10:07:39,676 - INFO - 训练股票收集进度：30/50
2025-12-29 10:07:39,898 - INFO - 训练股票收集进度：40/50
2025-12-29 10:07:40,181 - INFO - 训练股票收集进度：50/50
2025-12-29 10:07:40,181 - INFO - 训练股票收集完成：成功获取50只有效训练股票（目标50只）
2025-12-29 10:08:29,691 - INFO - 序列构造完成：总样本数101629，序列长度60，特征数9
2025-12-29 10:08:30,105 - INFO - 数据集划分：训练集(81303, 60, 9)，验证集(10162, 60, 9)，内部测试集(10164, 60, 9)
2025-12-29 10:08:32,086 - INFO - 当前模型训练日志将保存至：./stock_training_results\logs\training_log_stockCount_50_LSTM_pytorch.csv
2025-12-29 10:08:32,095 - INFO - 开始训练LSTM模型（股票数量：50，设备：cpu）
2025-12-29 10:09:13,450 - INFO - EarlyStopping counter: 1 out of 5
2025-12-29 10:09:32,683 - INFO - EarlyStopping counter: 2 out of 5
2025-12-29 10:09:52,034 - INFO - EarlyStopping counter: 3 out of 5
2025-12-29 10:10:12,035 - INFO - Epoch [5/50], Train Loss: 0.001219, Val Loss: 0.000992
2025-12-29 10:10:12,035 - INFO - EarlyStopping counter: 4 out of 5
2025-12-29 10:10:52,299 - INFO - EarlyStopping counter: 1 out of 5
2025-12-29 10:11:11,755 - INFO - EarlyStopping counter: 2 out of 5
2025-12-29 10:11:30,985 - INFO - EarlyStopping counter: 3 out of 5
2025-12-29 10:11:50,463 - INFO - Epoch [10/50], Train Loss: 0.000782, Val Loss: 0.000846
2025-12-29 10:11:50,463 - INFO - EarlyStopping counter: 4 out of 5
2025-12-29 10:12:09,500 - INFO - EarlyStopping counter: 5 out of 5
2025-12-29 10:12:09,501 - INFO - Restored best model weights from early stopping
2025-12-29 10:12:09,501 - INFO - Early stopping triggered at epoch 11
2025-12-29 10:12:09,504 - INFO - 模型权重保存至：./stock_training_results\models\model_stockCount_50_LSTM_pytorch.pth
2025-12-29 10:12:10,849 - INFO - 损失曲线保存至：./stock_training_results\loss_curves\loss_curve_stockCount_50_LSTM_pytorch.png
2025-12-29 10:12:10,876 - INFO - 当前模型训练日志将保存至：./stock_training_results\logs\training_log_stockCount_50_GRU_pytorch.csv
2025-12-29 10:12:10,876 - INFO - 开始训练GRU模型（股票数量：50，设备：cpu）
2025-12-29 10:14:44,896 - INFO - EarlyStopping counter: 1 out of 5
2025-12-29 10:15:57,296 - INFO - EarlyStopping counter: 2 out of 5
2025-12-29 10:17:13,320 - INFO - EarlyStopping counter: 3 out of 5
2025-12-29 10:18:27,507 - INFO - Epoch [5/50], Train Loss: 0.001293, Val Loss: 0.002943
2025-12-29 10:18:27,507 - INFO - EarlyStopping counter: 4 out of 5
2025-12-29 10:19:39,293 - INFO - EarlyStopping counter: 5 out of 5
2025-12-29 10:19:39,293 - INFO - Restored best model weights from early stopping
2025-12-29 10:19:39,294 - INFO - Early stopping triggered at epoch 6
2025-12-29 10:19:39,295 - INFO - 模型权重保存至：./stock_training_results\models\model_stockCount_50_GRU_pytorch.pth
2025-12-29 10:19:39,452 - INFO - 损失曲线保存至：./stock_training_results\loss_curves\loss_curve_stockCount_50_GRU_pytorch.png
2025-12-29 10:19:39,480 - INFO - 当前模型训练日志将保存至：./stock_training_results\logs\training_log_stockCount_50_CNN-LSTM_pytorch.csv
2025-12-29 10:19:39,480 - INFO - 开始训练CNN-LSTM模型（股票数量：50，设备：cpu）
2025-12-29 10:20:32,989 - INFO - Epoch [5/50], Train Loss: 0.001082, Val Loss: 0.001732
2025-12-29 10:20:32,989 - INFO - EarlyStopping counter: 1 out of 5
2025-12-29 10:20:43,823 - INFO - EarlyStopping counter: 2 out of 5
2025-12-29 10:20:54,759 - INFO - EarlyStopping counter: 3 out of 5
2025-12-29 10:21:05,594 - INFO - EarlyStopping counter: 4 out of 5
2025-12-29 10:21:16,313 - INFO - EarlyStopping counter: 5 out of 5
2025-12-29 10:21:16,313 - INFO - Restored best model weights from early stopping
2025-12-29 10:21:16,313 - INFO - Early stopping triggered at epoch 9
2025-12-29 10:21:16,336 - INFO - 模型权重保存至：./stock_training_results\models\model_stockCount_50_CNN-LSTM_pytorch.pth
2025-12-29 10:21:16,480 - INFO - 损失曲线保存至：./stock_training_results\loss_curves\loss_curve_stockCount_50_CNN-LSTM_pytorch.png
2025-12-29 10:21:16,507 - INFO - 当前模型训练日志将保存至：./stock_training_results\logs\training_log_stockCount_50_Attention-LSTM_pytorch.csv
2025-12-29 10:21:16,507 - INFO - 开始训练Attention-LSTM模型（股票数量：50，设备：cpu）
2025-12-29 10:22:25,861 - INFO - EarlyStopping counter: 1 out of 5
2025-12-29 10:23:12,684 - INFO - Epoch [5/50], Train Loss: 0.004549, Val Loss: 0.004505
2025-12-29 10:23:58,141 - INFO - EarlyStopping counter: 1 out of 5
2025-12-29 10:24:20,825 - INFO - EarlyStopping counter: 2 out of 5
2025-12-29 10:24:43,666 - INFO - EarlyStopping counter: 3 out of 5
2025-12-29 10:25:06,693 - INFO - Epoch [10/50], Train Loss: 0.001707, Val Loss: 0.005558
2025-12-29 10:25:06,693 - INFO - EarlyStopping counter: 4 out of 5
2025-12-29 10:25:29,665 - INFO - EarlyStopping counter: 5 out of 5
2025-12-29 10:25:29,666 - INFO - Restored best model weights from early stopping
2025-12-29 10:25:29,666 - INFO - Early stopping triggered at epoch 11
2025-12-29 10:25:29,667 - INFO - 模型权重保存至：./stock_training_results\models\model_stockCount_50_Attention-LSTM_pytorch.pth
2025-12-29 10:25:29,822 - INFO - 损失曲线保存至：./stock_training_results\loss_curves\loss_curve_stockCount_50_Attention-LSTM_pytorch.png
2025-12-29 10:25:30,959 - INFO - 序列构造完成：总样本数3133，序列长度60，特征数9
2025-12-29 10:25:31,334 - INFO - 序列构造完成：总样本数464，序列长度60，特征数9
2025-12-29 10:25:31,750 - INFO - 序列构造完成：总样本数851，序列长度60，特征数9
2025-12-29 10:25:32,583 - INFO - 序列构造完成：总样本数1533，序列长度60，特征数9
2025-12-29 10:25:34,722 - INFO - 序列构造完成：总样本数3132，序列长度60，特征数9
2025-12-29 10:25:35,363 - INFO - 序列构造完成：总样本数1087，序列长度60，特征数9
2025-12-29 10:25:35,589 - INFO - 序列构造完成：总样本数163，序列长度60，特征数9
2025-12-29 10:25:35,775 - INFO - 序列构造完成：总样本数101，序列长度60，特征数9
2025-12-29 10:25:36,394 - INFO - 序列构造完成：总样本数1409，序列长度60，特征数9
2025-12-29 10:25:37,581 - INFO - 序列构造完成：总样本数3019，序列长度60，特征数9
2025-12-29 10:25:38,140 - INFO - 序列构造完成：总样本数1131，序列长度60，特征数9
2025-12-29 10:25:38,323 - INFO - 序列构造完成：总样本数64，序列长度60，特征数9
2025-12-29 10:25:38,543 - INFO - 序列构造完成：总样本数183，序列长度60，特征数9
2025-12-29 10:25:39,750 - INFO - 序列构造完成：总样本数3132，序列长度60，特征数9
2025-12-29 10:25:41,025 - INFO - 序列构造完成：总样本数3132，序列长度60，特征数9
2025-12-29 10:25:41,547 - INFO - 序列构造完成：总样本数1050，序列长度60，特征数9
2025-12-29 10:25:41,993 - INFO - 序列构造完成：总样本数919，序列长度60，特征数9
2025-12-29 10:25:42,694 - INFO - 序列构造完成：总样本数1750，序列长度60，特征数9
2025-12-29 10:25:43,923 - INFO - 序列构造完成：总样本数3130，序列长度60，特征数9
2025-12-29 10:25:45,200 - INFO - 序列构造完成：总样本数3132，序列长度60，特征数9
2025-12-29 10:25:45,466 - INFO - 序列构造完成：总样本数164，序列长度60，特征数9
2025-12-29 10:25:45,712 - INFO - 序列构造完成：总样本数301，序列长度60，特征数9
2025-12-29 10:25:46,930 - INFO - 序列构造完成：总样本数3132，序列长度60，特征数9
2025-12-29 10:25:48,228 - INFO - 序列构造完成：总样本数3132，序列长度60，特征数9
2025-12-29 10:25:50,267 - INFO - 序列构造完成：总样本数3124，序列长度60，特征数9
2025-12-29 10:25:50,487 - INFO - 股票数量=50 - LSTM 泛化能力评估（平均）：
2025-12-29 10:25:50,487 - INFO - MAE=0.70, MSE=1.97, RMSE=0.97, R2=0.9352
2025-12-29 10:25:51,545 - INFO - 序列构造完成：总样本数3133，序列长度60，特征数9
2025-12-29 10:25:51,953 - INFO - 序列构造完成：总样本数464，序列长度60，特征数9
2025-12-29 10:25:52,477 - INFO - 序列构造完成：总样本数851，序列长度60，特征数9
2025-12-29 10:25:53,114 - INFO - 序列构造完成：总样本数1533，序列长度60，特征数9
2025-12-29 10:25:54,386 - INFO - 序列构造完成：总样本数3132，序列长度60，特征数9
2025-12-29 10:25:54,991 - INFO - 序列构造完成：总样本数1087，序列长度60，特征数9
2025-12-29 10:25:55,231 - INFO - 序列构造完成：总样本数163，序列长度60，特征数9
2025-12-29 10:25:55,416 - INFO - 序列构造完成：总样本数101，序列长度60，特征数9
2025-12-29 10:25:55,997 - INFO - 序列构造完成：总样本数1409，序列长度60，特征数9
2025-12-29 10:25:57,212 - INFO - 序列构造完成：总样本数3019，序列长度60，特征数9
2025-12-29 10:25:57,823 - INFO - 序列构造完成：总样本数1131，序列长度60，特征数9
2025-12-29 10:25:58,037 - INFO - 序列构造完成：总样本数64，序列长度60，特征数9
2025-12-29 10:25:58,250 - INFO - 序列构造完成：总样本数183，序列长度60，特征数9
2025-12-29 10:25:59,489 - INFO - 序列构造完成：总样本数3132，序列长度60，特征数9
2025-12-29 10:26:00,819 - INFO - 序列构造完成：总样本数3132，序列长度60，特征数9
2025-12-29 10:26:01,407 - INFO - 序列构造完成：总样本数1050，序列长度60，特征数9
2025-12-29 10:26:01,876 - INFO - 序列构造完成：总样本数919，序列长度60，特征数9
2025-12-29 10:26:02,592 - INFO - 序列构造完成：总样本数1750，序列长度60，特征数9
2025-12-29 10:26:04,612 - INFO - 序列构造完成：总样本数3130，序列长度60，特征数9
2025-12-29 10:26:05,961 - INFO - 序列构造完成：总样本数3132，序列长度60，特征数9
2025-12-29 10:26:06,303 - INFO - 序列构造完成：总样本数164，序列长度60，特征数9
2025-12-29 10:26:06,557 - INFO - 序列构造完成：总样本数301，序列长度60，特征数9
2025-12-29 10:26:07,775 - INFO - 序列构造完成：总样本数3132，序列长度60，特征数9
2025-12-29 10:26:09,099 - INFO - 序列构造完成：总样本数3132，序列长度60，特征数9
2025-12-29 10:26:10,411 - INFO - 序列构造完成：总样本数3124，序列长度60，特征数9
2025-12-29 10:26:10,682 - INFO - 股票数量=50 - GRU 泛化能力评估（平均）：
2025-12-29 10:26:10,682 - INFO - MAE=1.32, MSE=6.16, RMSE=1.74, R2=0.8568
2025-12-29 10:26:11,740 - INFO - 序列构造完成：总样本数3133，序列长度60，特征数9
2025-12-29 10:26:12,111 - INFO - 序列构造完成：总样本数464，序列长度60，特征数9
2025-12-29 10:26:12,583 - INFO - 序列构造完成：总样本数851，序列长度60，特征数9
2025-12-29 10:26:13,199 - INFO - 序列构造完成：总样本数1533，序列长度60，特征数9
2025-12-29 10:26:14,419 - INFO - 序列构造完成：总样本数3132，序列长度60，特征数9
2025-12-29 10:26:15,049 - INFO - 序列构造完成：总样本数1087，序列长度60，特征数9
2025-12-29 10:26:15,261 - INFO - 序列构造完成：总样本数163，序列长度60，特征数9
2025-12-29 10:26:15,445 - INFO - 序列构造完成：总样本数101，序列长度60，特征数9
2025-12-29 10:26:16,026 - INFO - 序列构造完成：总样本数1409，序列长度60，特征数9
2025-12-29 10:26:17,207 - INFO - 序列构造完成：总样本数3019，序列长度60，特征数9
2025-12-29 10:26:17,758 - INFO - 序列构造完成：总样本数1131，序列长度60，特征数9
2025-12-29 10:26:17,944 - INFO - 序列构造完成：总样本数64，序列长度60，特征数9
2025-12-29 10:26:18,182 - INFO - 序列构造完成：总样本数183，序列长度60，特征数9
2025-12-29 10:26:20,226 - INFO - 序列构造完成：总样本数3132，序列长度60，特征数9
2025-12-29 10:26:21,486 - INFO - 序列构造完成：总样本数3132，序列长度60，特征数9
2025-12-29 10:26:21,994 - INFO - 序列构造完成：总样本数1050，序列长度60，特征数9
2025-12-29 10:26:22,425 - INFO - 序列构造完成：总样本数919，序列长度60，特征数9
2025-12-29 10:26:23,117 - INFO - 序列构造完成：总样本数1750，序列长度60，特征数9
2025-12-29 10:26:24,341 - INFO - 序列构造完成：总样本数3130，序列长度60，特征数9
2025-12-29 10:26:25,605 - INFO - 序列构造完成：总样本数3132，序列长度60，特征数9
2025-12-29 10:26:25,875 - INFO - 序列构造完成：总样本数164，序列长度60，特征数9
2025-12-29 10:26:26,126 - INFO - 序列构造完成：总样本数301，序列长度60，特征数9
2025-12-29 10:26:27,376 - INFO - 序列构造完成：总样本数3132，序列长度60，特征数9
2025-12-29 10:26:28,643 - INFO - 序列构造完成：总样本数3132，序列长度60，特征数9
2025-12-29 10:26:29,892 - INFO - 序列构造完成：总样本数3124，序列长度60，特征数9
2025-12-29 10:26:30,091 - INFO - 股票数量=50 - CNN-LSTM 泛化能力评估（平均）：
2025-12-29 10:26:30,092 - INFO - MAE=0.83, MSE=2.79, RMSE=1.08, R2=0.9321
2025-12-29 10:26:31,165 - INFO - 序列构造完成：总样本数3133，序列长度60，特征数9
2025-12-29 10:26:31,604 - INFO - 序列构造完成：总样本数464，序列长度60，特征数9
2025-12-29 10:26:32,023 - INFO - 序列构造完成：总样本数851，序列长度60，特征数9
2025-12-29 10:26:32,651 - INFO - 序列构造完成：总样本数1533，序列长度60，特征数9
2025-12-29 10:26:34,636 - INFO - 序列构造完成：总样本数3132，序列长度60，特征数9
2025-12-29 10:26:35,283 - INFO - 序列构造完成：总样本数1087，序列长度60，特征数9
2025-12-29 10:26:35,529 - INFO - 序列构造完成：总样本数163，序列长度60，特征数9
2025-12-29 10:26:35,702 - INFO - 序列构造完成：总样本数101，序列长度60，特征数9
2025-12-29 10:26:36,263 - INFO - 序列构造完成：总样本数1409，序列长度60，特征数9
2025-12-29 10:26:37,570 - INFO - 序列构造完成：总样本数3019，序列长度60，特征数9
2025-12-29 10:26:38,202 - INFO - 序列构造完成：总样本数1131，序列长度60，特征数9
2025-12-29 10:26:38,424 - INFO - 序列构造完成：总样本数64，序列长度60，特征数9
2025-12-29 10:26:38,664 - INFO - 序列构造完成：总样本数183，序列长度60，特征数9
2025-12-29 10:26:39,869 - INFO - 序列构造完成：总样本数3132，序列长度60，特征数9
2025-12-29 10:26:41,236 - INFO - 序列构造完成：总样本数3132，序列长度60，特征数9
2025-12-29 10:26:41,844 - INFO - 序列构造完成：总样本数1050，序列长度60，特征数9
2025-12-29 10:26:42,311 - INFO - 序列构造完成：总样本数919，序列长度60，特征数9
2025-12-29 10:26:43,033 - INFO - 序列构造完成：总样本数1750，序列长度60，特征数9
2025-12-29 10:26:44,305 - INFO - 序列构造完成：总样本数3130，序列长度60，特征数9
2025-12-29 10:26:45,664 - INFO - 序列构造完成：总样本数3132，序列长度60，特征数9
2025-12-29 10:26:46,008 - INFO - 序列构造完成：总样本数164，序列长度60，特征数9
2025-12-29 10:26:46,252 - INFO - 序列构造完成：总样本数301，序列长度60，特征数9
2025-12-29 10:26:47,477 - INFO - 序列构造完成：总样本数3132，序列长度60，特征数9
2025-12-29 10:26:49,528 - INFO - 序列构造完成：总样本数3132，序列长度60，特征数9
2025-12-29 10:26:50,926 - INFO - 序列构造完成：总样本数3124，序列长度60，特征数9
2025-12-29 10:26:51,215 - INFO - 股票数量=50 - Attention-LSTM 泛化能力评估（平均）：
2025-12-29 10:26:51,215 - INFO - MAE=1.53, MSE=7.54, RMSE=1.84, R2=0.8700
2025-12-29 10:26:51,216 - INFO - 股票数量50：所有模型评估完成，结果已保存
2025-12-29 10:26:51,216 - INFO - 
=====================================
2025-12-29 10:26:51,216 - INFO - 开始处理股票数量：100
2025-12-29 10:26:51,216 - INFO - =====================================

2025-12-29 10:26:51,221 - INFO - 总股票文件数：7195
2025-12-29 10:26:51,221 - INFO - 开始收集25只有效预留测试股票...
2025-12-29 10:26:51,337 - INFO - 预留测试股票收集进度：5/25
2025-12-29 10:26:51,545 - INFO - 预留测试股票收集进度：10/25
2025-12-29 10:26:51,675 - INFO - 预留测试股票收集进度：15/25
2025-12-29 10:26:51,824 - INFO - 预留测试股票收集进度：20/25
2025-12-29 10:26:51,936 - INFO - 预留测试股票收集进度：25/25
2025-12-29 10:26:51,936 - INFO - 预留测试股票收集完成：共25只有效股票（目标25只）
2025-12-29 10:26:51,936 - INFO - 预留测试股票数量达标！
2025-12-29 10:26:51,939 - INFO - 可用于训练的股票文件数：7170，开始遍历收集100只有效训练股票...
2025-12-29 10:26:52,239 - INFO - 训练股票收集进度：10/100
2025-12-29 10:26:52,567 - INFO - 训练股票收集进度：20/100
2025-12-29 10:26:52,778 - INFO - 训练股票收集进度：30/100
2025-12-29 10:26:53,120 - INFO - 训练股票收集进度：40/100
2025-12-29 10:26:53,439 - INFO - 训练股票收集进度：50/100
2025-12-29 10:26:53,822 - INFO - 训练股票收集进度：60/100
2025-12-29 10:26:54,288 - INFO - 训练股票收集进度：70/100
2025-12-29 10:26:54,797 - INFO - 训练股票收集进度：80/100
2025-12-29 10:26:54,874 - ERROR - 加载训练股票send.us失败：No columns to parse from file，继续遍历下一支
2025-12-29 10:26:54,976 - INFO - 训练股票收集进度：90/100
2025-12-29 10:26:55,264 - INFO - 训练股票收集进度：100/100
2025-12-29 10:26:55,264 - INFO - 训练股票收集完成：成功获取100只有效训练股票（目标100只）
2025-12-29 10:35:31,192 - INFO - 序列构造完成：总样本数211740，序列长度60，特征数9
2025-12-29 10:35:37,532 - INFO - 数据集划分：训练集(169392, 60, 9)，验证集(21174, 60, 9)，内部测试集(21174, 60, 9)
2025-12-29 10:35:57,168 - INFO - 当前模型训练日志将保存至：./stock_training_results\logs\training_log_stockCount_100_LSTM_pytorch.csv
2025-12-29 10:35:57,302 - INFO - 开始训练LSTM模型（股票数量：100，设备：cpu）
2025-12-29 10:42:16,676 - INFO - Epoch [5/50], Train Loss: 0.000841, Val Loss: 0.000958
2025-12-29 10:42:16,676 - INFO - EarlyStopping counter: 1 out of 5
2025-12-29 10:43:29,753 - INFO - EarlyStopping counter: 2 out of 5
2025-12-29 10:44:42,607 - INFO - EarlyStopping counter: 3 out of 5
2025-12-29 10:45:55,686 - INFO - EarlyStopping counter: 4 out of 5
2025-12-29 10:47:08,846 - INFO - EarlyStopping counter: 5 out of 5
2025-12-29 10:47:08,886 - INFO - Restored best model weights from early stopping
2025-12-29 10:47:08,886 - INFO - Early stopping triggered at epoch 9
2025-12-29 10:47:09,188 - INFO - 模型权重保存至：./stock_training_results\models\model_stockCount_100_LSTM_pytorch.pth
2025-12-29 10:47:13,799 - INFO - 损失曲线保存至：./stock_training_results\loss_curves\loss_curve_stockCount_100_LSTM_pytorch.png
2025-12-29 10:47:13,852 - INFO - 当前模型训练日志将保存至：./stock_training_results\logs\training_log_stockCount_100_GRU_pytorch.csv
2025-12-29 10:47:13,853 - INFO - 开始训练GRU模型（股票数量：100，设备：cpu）
2025-12-29 10:57:11,673 - INFO - EarlyStopping counter: 1 out of 5
2025-12-29 10:59:41,580 - INFO - Epoch [5/50], Train Loss: 0.000791, Val Loss: 0.002555
2025-12-29 10:59:41,581 - INFO - EarlyStopping counter: 2 out of 5
2025-12-29 11:02:10,252 - INFO - EarlyStopping counter: 3 out of 5
2025-12-29 11:04:38,233 - INFO - EarlyStopping counter: 4 out of 5
2025-12-29 11:07:10,329 - INFO - EarlyStopping counter: 5 out of 5
2025-12-29 11:07:10,330 - INFO - Restored best model weights from early stopping
2025-12-29 11:07:10,330 - INFO - Early stopping triggered at epoch 8
2025-12-29 11:07:10,351 - INFO - 模型权重保存至：./stock_training_results\models\model_stockCount_100_GRU_pytorch.pth
2025-12-29 11:07:10,787 - INFO - 损失曲线保存至：./stock_training_results\loss_curves\loss_curve_stockCount_100_GRU_pytorch.png
2025-12-29 11:07:10,840 - INFO - 当前模型训练日志将保存至：./stock_training_results\logs\training_log_stockCount_100_CNN-LSTM_pytorch.csv
2025-12-29 11:07:10,841 - INFO - 开始训练CNN-LSTM模型（股票数量：100，设备：cpu）
2025-12-29 11:10:15,916 - INFO - Epoch [5/50], Train Loss: 0.000788, Val Loss: 0.000674
2025-12-29 11:10:52,953 - INFO - EarlyStopping counter: 1 out of 5
2025-12-29 11:11:30,045 - INFO - EarlyStopping counter: 2 out of 5
2025-12-29 11:12:44,452 - INFO - EarlyStopping counter: 1 out of 5
2025-12-29 11:13:22,075 - INFO - Epoch [10/50], Train Loss: 0.000594, Val Loss: 0.000587
2025-12-29 11:13:22,076 - INFO - EarlyStopping counter: 2 out of 5
2025-12-29 11:14:36,497 - INFO - EarlyStopping counter: 1 out of 5
2025-12-29 11:15:14,053 - INFO - EarlyStopping counter: 2 out of 5
2025-12-29 11:16:29,020 - INFO - Epoch [15/50], Train Loss: 0.000576, Val Loss: 0.000557
2025-12-29 11:16:29,020 - INFO - EarlyStopping counter: 1 out of 5
2025-12-29 11:17:06,280 - INFO - EarlyStopping counter: 2 out of 5
2025-12-29 11:17:43,421 - INFO - EarlyStopping counter: 3 out of 5
2025-12-29 11:18:20,462 - INFO - EarlyStopping counter: 4 out of 5
2025-12-29 11:18:57,545 - INFO - EarlyStopping counter: 5 out of 5
2025-12-29 11:18:57,545 - INFO - Restored best model weights from early stopping
2025-12-29 11:18:57,545 - INFO - Early stopping triggered at epoch 19
2025-12-29 11:18:57,574 - INFO - 模型权重保存至：./stock_training_results\models\model_stockCount_100_CNN-LSTM_pytorch.pth
2025-12-29 11:18:57,882 - INFO - 损失曲线保存至：./stock_training_results\loss_curves\loss_curve_stockCount_100_CNN-LSTM_pytorch.png
2025-12-29 11:18:57,938 - INFO - 当前模型训练日志将保存至：./stock_training_results\logs\training_log_stockCount_100_Attention-LSTM_pytorch.csv
2025-12-29 11:18:57,938 - INFO - 开始训练Attention-LSTM模型（股票数量：100，设备：cpu）
2025-12-29 11:22:45,995 - INFO - EarlyStopping counter: 1 out of 5
2025-12-29 11:25:18,776 - INFO - Epoch [5/50], Train Loss: 0.000906, Val Loss: 0.007131
2025-12-29 11:25:18,777 - INFO - EarlyStopping counter: 1 out of 5
2025-12-29 11:28:00,844 - INFO - EarlyStopping counter: 1 out of 5
2025-12-29 11:29:27,690 - INFO - EarlyStopping counter: 2 out of 5
2025-12-29 11:30:58,625 - INFO - EarlyStopping counter: 3 out of 5
2025-12-29 11:32:31,787 - INFO - Epoch [10/50], Train Loss: 0.000598, Val Loss: 0.003108
2025-12-29 11:32:31,787 - INFO - EarlyStopping counter: 4 out of 5
2025-12-29 11:34:06,634 - INFO - EarlyStopping counter: 5 out of 5
2025-12-29 11:34:06,634 - INFO - Restored best model weights from early stopping
2025-12-29 11:34:06,634 - INFO - Early stopping triggered at epoch 11
2025-12-29 11:34:06,636 - INFO - 模型权重保存至：./stock_training_results\models\model_stockCount_100_Attention-LSTM_pytorch.pth
2025-12-29 11:34:07,231 - INFO - 损失曲线保存至：./stock_training_results\loss_curves\loss_curve_stockCount_100_Attention-LSTM_pytorch.png
2025-12-29 11:34:08,438 - INFO - 序列构造完成：总样本数3133，序列长度60，特征数9
2025-12-29 11:34:09,161 - INFO - 序列构造完成：总样本数464，序列长度60，特征数9
2025-12-29 11:34:09,682 - INFO - 序列构造完成：总样本数851，序列长度60，特征数9
2025-12-29 11:34:10,376 - INFO - 序列构造完成：总样本数1533，序列长度60，特征数9
2025-12-29 11:34:11,690 - INFO - 序列构造完成：总样本数3132，序列长度60，特征数9
2025-12-29 11:34:12,282 - INFO - 序列构造完成：总样本数1087，序列长度60，特征数9
2025-12-29 11:34:12,551 - INFO - 序列构造完成：总样本数163，序列长度60，特征数9
2025-12-29 11:34:12,756 - INFO - 序列构造完成：总样本数101，序列长度60，特征数9
2025-12-29 11:34:13,361 - INFO - 序列构造完成：总样本数1409，序列长度60，特征数9
2025-12-29 11:34:14,592 - INFO - 序列构造完成：总样本数3019，序列长度60，特征数9
2025-12-29 11:34:15,222 - INFO - 序列构造完成：总样本数1131，序列长度60，特征数9
2025-12-29 11:34:15,463 - INFO - 序列构造完成：总样本数64，序列长度60，特征数9
2025-12-29 11:34:15,730 - INFO - 序列构造完成：总样本数183，序列长度60，特征数9
2025-12-29 11:34:21,277 - INFO - 序列构造完成：总样本数3132，序列长度60，特征数9
2025-12-29 11:34:22,543 - INFO - 序列构造完成：总样本数3132，序列长度60，特征数9
2025-12-29 11:34:23,083 - INFO - 序列构造完成：总样本数1050，序列长度60，特征数9
2025-12-29 11:34:23,536 - INFO - 序列构造完成：总样本数919，序列长度60，特征数9
2025-12-29 11:34:24,233 - INFO - 序列构造完成：总样本数1750，序列长度60，特征数9
2025-12-29 11:34:25,449 - INFO - 序列构造完成：总样本数3130，序列长度60，特征数9
2025-12-29 11:34:26,725 - INFO - 序列构造完成：总样本数3132，序列长度60，特征数9
2025-12-29 11:34:27,001 - INFO - 序列构造完成：总样本数164，序列长度60，特征数9
2025-12-29 11:34:27,277 - INFO - 序列构造完成：总样本数301，序列长度60，特征数9
2025-12-29 11:34:28,502 - INFO - 序列构造完成：总样本数3132，序列长度60，特征数9
2025-12-29 11:34:29,803 - INFO - 序列构造完成：总样本数3132，序列长度60，特征数9
2025-12-29 11:34:31,056 - INFO - 序列构造完成：总样本数3124，序列长度60，特征数9
2025-12-29 11:34:31,282 - INFO - 股票数量=100 - LSTM 泛化能力评估（平均）：
2025-12-29 11:34:31,282 - INFO - MAE=0.84, MSE=2.61, RMSE=1.14, R2=0.9217
2025-12-29 11:34:32,339 - INFO - 序列构造完成：总样本数3133，序列长度60，特征数9
2025-12-29 11:34:32,777 - INFO - 序列构造完成：总样本数464，序列长度60，特征数9
2025-12-29 11:34:33,209 - INFO - 序列构造完成：总样本数851，序列长度60，特征数9
2025-12-29 11:34:33,880 - INFO - 序列构造完成：总样本数1533，序列长度60，特征数9
2025-12-29 11:34:35,140 - INFO - 序列构造完成：总样本数3132，序列长度60，特征数9
2025-12-29 11:34:35,909 - INFO - 序列构造完成：总样本数1087，序列长度60，特征数9
2025-12-29 11:34:36,148 - INFO - 序列构造完成：总样本数163，序列长度60，特征数9
2025-12-29 11:34:36,343 - INFO - 序列构造完成：总样本数101，序列长度60，特征数9
2025-12-29 11:34:36,917 - INFO - 序列构造完成：总样本数1409，序列长度60，特征数9
2025-12-29 11:34:38,112 - INFO - 序列构造完成：总样本数3019，序列长度60，特征数9
2025-12-29 11:34:38,723 - INFO - 序列构造完成：总样本数1131，序列长度60，特征数9
2025-12-29 11:34:38,930 - INFO - 序列构造完成：总样本数64，序列长度60，特征数9
2025-12-29 11:34:39,141 - INFO - 序列构造完成：总样本数183，序列长度60，特征数9
2025-12-29 11:34:40,368 - INFO - 序列构造完成：总样本数3132，序列长度60，特征数9
2025-12-29 11:34:41,692 - INFO - 序列构造完成：总样本数3132，序列长度60，特征数9
2025-12-29 11:34:42,292 - INFO - 序列构造完成：总样本数1050，序列长度60，特征数9
2025-12-29 11:34:42,754 - INFO - 序列构造完成：总样本数919，序列长度60，特征数9
2025-12-29 11:34:43,544 - INFO - 序列构造完成：总样本数1750，序列长度60，特征数9
2025-12-29 11:34:44,813 - INFO - 序列构造完成：总样本数3130，序列长度60，特征数9
2025-12-29 11:34:46,182 - INFO - 序列构造完成：总样本数3132，序列长度60，特征数9
2025-12-29 11:34:46,521 - INFO - 序列构造完成：总样本数164，序列长度60，特征数9
2025-12-29 11:34:46,778 - INFO - 序列构造完成：总样本数301，序列长度60，特征数9
2025-12-29 11:34:47,988 - INFO - 序列构造完成：总样本数3132，序列长度60，特征数9
2025-12-29 11:34:49,307 - INFO - 序列构造完成：总样本数3132，序列长度60，特征数9
2025-12-29 11:34:50,616 - INFO - 序列构造完成：总样本数3124，序列长度60，特征数9
2025-12-29 11:34:50,891 - INFO - 股票数量=100 - GRU 泛化能力评估（平均）：
2025-12-29 11:34:50,891 - INFO - MAE=0.94, MSE=3.45, RMSE=1.33, R2=0.8989
2025-12-29 11:34:51,966 - INFO - 序列构造完成：总样本数3133，序列长度60，特征数9
2025-12-29 11:34:52,323 - INFO - 序列构造完成：总样本数464，序列长度60，特征数9
2025-12-29 11:34:52,729 - INFO - 序列构造完成：总样本数851，序列长度60，特征数9
2025-12-29 11:34:53,358 - INFO - 序列构造完成：总样本数1533，序列长度60，特征数9
2025-12-29 11:34:54,565 - INFO - 序列构造完成：总样本数3132，序列长度60，特征数9
2025-12-29 11:34:55,142 - INFO - 序列构造完成：总样本数1087，序列长度60，特征数9
2025-12-29 11:34:55,351 - INFO - 序列构造完成：总样本数163，序列长度60，特征数9
2025-12-29 11:34:55,546 - INFO - 序列构造完成：总样本数101，序列长度60，特征数9
2025-12-29 11:34:56,129 - INFO - 序列构造完成：总样本数1409，序列长度60，特征数9
2025-12-29 11:34:57,314 - INFO - 序列构造完成：总样本数3019，序列长度60，特征数9
2025-12-29 11:34:57,868 - INFO - 序列构造完成：总样本数1131，序列长度60，特征数9
2025-12-29 11:34:58,058 - INFO - 序列构造完成：总样本数64，序列长度60，特征数9
2025-12-29 11:34:58,278 - INFO - 序列构造完成：总样本数183，序列长度60，特征数9
2025-12-29 11:34:59,542 - INFO - 序列构造完成：总样本数3132，序列长度60，特征数9
2025-12-29 11:35:00,806 - INFO - 序列构造完成：总样本数3132，序列长度60，特征数9
2025-12-29 11:35:01,333 - INFO - 序列构造完成：总样本数1050，序列长度60，特征数9
2025-12-29 11:35:01,781 - INFO - 序列构造完成：总样本数919，序列长度60，特征数9
2025-12-29 11:35:02,494 - INFO - 序列构造完成：总样本数1750，序列长度60，特征数9
2025-12-29 11:35:03,718 - INFO - 序列构造完成：总样本数3130，序列长度60，特征数9
2025-12-29 11:35:05,070 - INFO - 序列构造完成：总样本数3132，序列长度60，特征数9
2025-12-29 11:35:05,357 - INFO - 序列构造完成：总样本数164，序列长度60，特征数9
2025-12-29 11:35:05,632 - INFO - 序列构造完成：总样本数301，序列长度60，特征数9
2025-12-29 11:35:06,874 - INFO - 序列构造完成：总样本数3132，序列长度60，特征数9
2025-12-29 11:35:08,140 - INFO - 序列构造完成：总样本数3132，序列长度60，特征数9
2025-12-29 11:35:09,446 - INFO - 序列构造完成：总样本数3124，序列长度60，特征数9
2025-12-29 11:35:09,690 - INFO - 股票数量=100 - CNN-LSTM 泛化能力评估（平均）：
2025-12-29 11:35:09,690 - INFO - MAE=0.41, MSE=0.67, RMSE=0.59, R2=0.9516
2025-12-29 11:35:10,743 - INFO - 序列构造完成：总样本数3133，序列长度60，特征数9
2025-12-29 11:35:11,212 - INFO - 序列构造完成：总样本数464，序列长度60，特征数9
2025-12-29 11:35:11,673 - INFO - 序列构造完成：总样本数851，序列长度60，特征数9
2025-12-29 11:35:12,323 - INFO - 序列构造完成：总样本数1533，序列长度60，特征数9
2025-12-29 11:35:13,591 - INFO - 序列构造完成：总样本数3132，序列长度60，特征数9
2025-12-29 11:35:14,223 - INFO - 序列构造完成：总样本数1087，序列长度60，特征数9
2025-12-29 11:35:14,465 - INFO - 序列构造完成：总样本数163，序列长度60，特征数9
2025-12-29 11:35:14,661 - INFO - 序列构造完成：总样本数101，序列长度60，特征数9
2025-12-29 11:35:15,234 - INFO - 序列构造完成：总样本数1409，序列长度60，特征数9
2025-12-29 11:35:16,439 - INFO - 序列构造完成：总样本数3019，序列长度60，特征数9
2025-12-29 11:35:17,097 - INFO - 序列构造完成：总样本数1131，序列长度60，特征数9
2025-12-29 11:35:17,305 - INFO - 序列构造完成：总样本数64，序列长度60，特征数9
2025-12-29 11:35:17,515 - INFO - 序列构造完成：总样本数183，序列长度60，特征数9
2025-12-29 11:35:18,733 - INFO - 序列构造完成：总样本数3132，序列长度60，特征数9
2025-12-29 11:35:20,089 - INFO - 序列构造完成：总样本数3132，序列长度60，特征数9
2025-12-29 11:35:20,705 - INFO - 序列构造完成：总样本数1050，序列长度60，特征数9
2025-12-29 11:35:21,176 - INFO - 序列构造完成：总样本数919，序列长度60，特征数9
2025-12-29 11:35:21,881 - INFO - 序列构造完成：总样本数1750，序列长度60，特征数9
2025-12-29 11:35:23,162 - INFO - 序列构造完成：总样本数3130，序列长度60，特征数9
2025-12-29 11:35:24,509 - INFO - 序列构造完成：总样本数3132，序列长度60，特征数9
2025-12-29 11:35:24,880 - INFO - 序列构造完成：总样本数164，序列长度60，特征数9
2025-12-29 11:35:25,137 - INFO - 序列构造完成：总样本数301，序列长度60，特征数9
2025-12-29 11:35:26,491 - INFO - 序列构造完成：总样本数3132，序列长度60，特征数9
2025-12-29 11:35:27,856 - INFO - 序列构造完成：总样本数3132，序列长度60，特征数9
2025-12-29 11:35:29,201 - INFO - 序列构造完成：总样本数3124，序列长度60，特征数9
2025-12-29 11:35:29,512 - INFO - 股票数量=100 - Attention-LSTM 泛化能力评估（平均）：
2025-12-29 11:35:29,513 - INFO - MAE=1.16, MSE=4.77, RMSE=1.57, R2=0.8728
2025-12-29 11:35:29,514 - INFO - 股票数量100：所有模型评估完成，结果已保存
2025-12-29 11:35:29,514 - INFO - 
=====================================
2025-12-29 11:35:29,514 - INFO - 开始处理股票数量：200
2025-12-29 11:35:29,514 - INFO - =====================================

2025-12-29 11:35:29,711 - INFO - 总股票文件数：7195
2025-12-29 11:35:29,711 - INFO - 开始收集25只有效预留测试股票...
2025-12-29 11:35:29,858 - INFO - 预留测试股票收集进度：5/25
2025-12-29 11:35:29,998 - INFO - 预留测试股票收集进度：10/25
2025-12-29 11:35:30,120 - INFO - 预留测试股票收集进度：15/25
2025-12-29 11:35:30,237 - INFO - 预留测试股票收集进度：20/25
2025-12-29 11:35:30,339 - INFO - 预留测试股票收集进度：25/25
2025-12-29 11:35:30,339 - INFO - 预留测试股票收集完成：共25只有效股票（目标25只）
2025-12-29 11:35:30,339 - INFO - 预留测试股票数量达标！
2025-12-29 11:35:30,341 - INFO - 可用于训练的股票文件数：7170，开始遍历收集200只有效训练股票...
2025-12-29 11:35:30,573 - INFO - 训练股票收集进度：10/200
2025-12-29 11:35:30,799 - INFO - 训练股票收集进度：20/200
2025-12-29 11:35:31,063 - INFO - 训练股票收集进度：30/200
2025-12-29 11:35:31,307 - INFO - 训练股票收集进度：40/200
2025-12-29 11:35:31,554 - INFO - 训练股票收集进度：50/200
2025-12-29 11:35:31,806 - INFO - 训练股票收集进度：60/200
2025-12-29 11:35:32,015 - INFO - 训练股票收集进度：70/200
2025-12-29 11:35:32,215 - INFO - 训练股票收集进度：80/200
2025-12-29 11:35:32,465 - INFO - 训练股票收集进度：90/200
2025-12-29 11:35:32,698 - INFO - 训练股票收集进度：100/200
2025-12-29 11:35:33,181 - INFO - 训练股票收集进度：110/200
2025-12-29 11:35:33,445 - INFO - 训练股票收集进度：120/200
2025-12-29 11:35:33,661 - INFO - 训练股票收集进度：130/200
2025-12-29 11:35:34,019 - INFO - 训练股票收集进度：140/200
2025-12-29 11:35:34,231 - INFO - 训练股票收集进度：150/200
2025-12-29 11:35:34,493 - INFO - 训练股票收集进度：160/200
2025-12-29 11:35:34,787 - INFO - 训练股票收集进度：170/200
2025-12-29 11:35:35,014 - INFO - 训练股票收集进度：180/200
2025-12-29 11:35:35,236 - INFO - 训练股票收集进度：190/200
2025-12-29 11:35:35,474 - INFO - 训练股票收集进度：200/200
2025-12-29 11:35:35,474 - INFO - 训练股票收集完成：成功获取200只有效训练股票（目标200只）
2025-12-29 11:37:51,952 - INFO - 序列构造完成：总样本数390293，序列长度60，特征数9
2025-12-29 11:37:52,131 - INFO - 数据集划分：训练集(312234, 60, 9)，验证集(39029, 60, 9)，内部测试集(39030, 60, 9)
2025-12-29 11:37:55,904 - INFO - 当前模型训练日志将保存至：./stock_training_results\logs\training_log_stockCount_200_LSTM_pytorch.csv
2025-12-29 11:37:55,962 - INFO - 开始训练LSTM模型（股票数量：200，设备：cpu）
2025-12-29 11:44:54,676 - INFO - EarlyStopping counter: 1 out of 5
2025-12-29 11:46:37,608 - INFO - Epoch [5/50], Train Loss: 0.000595, Val Loss: 0.001597
2025-12-29 11:46:37,608 - INFO - EarlyStopping counter: 2 out of 5
2025-12-29 11:48:20,222 - INFO - EarlyStopping counter: 3 out of 5
2025-12-29 11:50:03,254 - INFO - EarlyStopping counter: 4 out of 5
2025-12-29 11:51:46,211 - INFO - EarlyStopping counter: 5 out of 5
2025-12-29 11:51:46,212 - INFO - Restored best model weights from early stopping
2025-12-29 11:51:46,212 - INFO - Early stopping triggered at epoch 8
2025-12-29 11:51:46,223 - INFO - 模型权重保存至：./stock_training_results\models\model_stockCount_200_LSTM_pytorch.pth
2025-12-29 11:51:46,388 - INFO - 损失曲线保存至：./stock_training_results\loss_curves\loss_curve_stockCount_200_LSTM_pytorch.png
2025-12-29 11:51:46,482 - INFO - 当前模型训练日志将保存至：./stock_training_results\logs\training_log_stockCount_200_GRU_pytorch.csv
2025-12-29 11:51:46,482 - INFO - 开始训练GRU模型（股票数量：200，设备：cpu）
2025-12-29 12:00:57,307 - INFO - EarlyStopping counter: 1 out of 5
2025-12-29 12:05:32,362 - INFO - EarlyStopping counter: 2 out of 5
2025-12-29 12:10:08,101 - INFO - EarlyStopping counter: 3 out of 5
2025-12-29 12:14:45,817 - INFO - Epoch [5/50], Train Loss: 0.000539, Val Loss: 0.005502
2025-12-29 12:14:45,817 - INFO - EarlyStopping counter: 4 out of 5
2025-12-29 12:19:22,785 - INFO - EarlyStopping counter: 5 out of 5
2025-12-29 12:19:22,786 - INFO - Restored best model weights from early stopping
2025-12-29 12:19:22,786 - INFO - Early stopping triggered at epoch 6
2025-12-29 12:19:22,787 - INFO - 模型权重保存至：./stock_training_results\models\model_stockCount_200_GRU_pytorch.pth
2025-12-29 12:19:22,922 - INFO - 损失曲线保存至：./stock_training_results\loss_curves\loss_curve_stockCount_200_GRU_pytorch.png
2025-12-29 12:19:23,029 - INFO - 当前模型训练日志将保存至：./stock_training_results\logs\training_log_stockCount_200_CNN-LSTM_pytorch.csv
2025-12-29 12:19:23,029 - INFO - 开始训练CNN-LSTM模型（股票数量：200，设备：cpu）
2025-12-29 12:22:12,627 - INFO - EarlyStopping counter: 1 out of 5
2025-12-29 12:23:08,755 - INFO - EarlyStopping counter: 2 out of 5
2025-12-29 12:24:04,549 - INFO - Epoch [5/50], Train Loss: 0.000616, Val Loss: 0.000957
2025-12-29 12:24:04,550 - INFO - EarlyStopping counter: 3 out of 5
2025-12-29 12:28:47,783 - INFO - Epoch [10/50], Train Loss: 0.000547, Val Loss: 0.000559
2025-12-29 12:28:47,783 - INFO - EarlyStopping counter: 1 out of 5
2025-12-29 12:29:44,519 - INFO - EarlyStopping counter: 2 out of 5
2025-12-29 12:30:41,426 - INFO - EarlyStopping counter: 3 out of 5
2025-12-29 12:31:38,411 - INFO - EarlyStopping counter: 4 out of 5
2025-12-29 12:32:35,700 - INFO - EarlyStopping counter: 5 out of 5
2025-12-29 12:32:35,701 - INFO - Restored best model weights from early stopping
2025-12-29 12:32:35,701 - INFO - Early stopping triggered at epoch 14
2025-12-29 12:32:35,702 - INFO - 模型权重保存至：./stock_training_results\models\model_stockCount_200_CNN-LSTM_pytorch.pth
2025-12-29 12:32:35,849 - INFO - 损失曲线保存至：./stock_training_results\loss_curves\loss_curve_stockCount_200_CNN-LSTM_pytorch.png
2025-12-29 12:32:35,945 - INFO - 当前模型训练日志将保存至：./stock_training_results\logs\training_log_stockCount_200_Attention-LSTM_pytorch.csv
2025-12-29 12:32:35,945 - INFO - 开始训练Attention-LSTM模型（股票数量：200，设备：cpu）
2025-12-29 12:42:54,925 - INFO - Epoch [5/50], Train Loss: 0.000636, Val Loss: 0.001135
2025-12-29 12:47:22,149 - INFO - EarlyStopping counter: 1 out of 5
2025-12-29 12:49:39,999 - INFO - EarlyStopping counter: 2 out of 5
2025-12-29 12:52:09,702 - INFO - EarlyStopping counter: 3 out of 5
2025-12-29 12:54:38,529 - INFO - Epoch [10/50], Train Loss: 0.002837, Val Loss: 0.012325
2025-12-29 12:54:38,529 - INFO - EarlyStopping counter: 4 out of 5
2025-12-29 12:57:14,376 - INFO - EarlyStopping counter: 5 out of 5
2025-12-29 12:57:14,377 - INFO - Restored best model weights from early stopping
2025-12-29 12:57:14,377 - INFO - Early stopping triggered at epoch 11
2025-12-29 12:57:14,397 - INFO - 模型权重保存至：./stock_training_results\models\model_stockCount_200_Attention-LSTM_pytorch.pth
2025-12-29 12:57:14,597 - INFO - 损失曲线保存至：./stock_training_results\loss_curves\loss_curve_stockCount_200_Attention-LSTM_pytorch.png
2025-12-29 12:57:15,880 - INFO - 序列构造完成：总样本数3133，序列长度60，特征数9
2025-12-29 12:57:16,317 - INFO - 序列构造完成：总样本数464，序列长度60，特征数9
2025-12-29 12:57:16,720 - INFO - 序列构造完成：总样本数851，序列长度60，特征数9
2025-12-29 12:57:17,378 - INFO - 序列构造完成：总样本数1533，序列长度60，特征数9
2025-12-29 12:57:18,618 - INFO - 序列构造完成：总样本数3132，序列长度60，特征数9
2025-12-29 12:57:19,170 - INFO - 序列构造完成：总样本数1087，序列长度60，特征数9
2025-12-29 12:57:19,402 - INFO - 序列构造完成：总样本数163，序列长度60，特征数9
2025-12-29 12:57:19,627 - INFO - 序列构造完成：总样本数101，序列长度60，特征数9
2025-12-29 12:57:20,225 - INFO - 序列构造完成：总样本数1409，序列长度60，特征数9
2025-12-29 12:57:21,401 - INFO - 序列构造完成：总样本数3019，序列长度60，特征数9
2025-12-29 12:57:21,967 - INFO - 序列构造完成：总样本数1131，序列长度60，特征数9
2025-12-29 12:57:22,157 - INFO - 序列构造完成：总样本数64，序列长度60，特征数9
2025-12-29 12:57:22,374 - INFO - 序列构造完成：总样本数183，序列长度60，特征数9
2025-12-29 12:57:23,570 - INFO - 序列构造完成：总样本数3132，序列长度60，特征数9
2025-12-29 12:57:24,828 - INFO - 序列构造完成：总样本数3132，序列长度60，特征数9
2025-12-29 12:57:25,359 - INFO - 序列构造完成：总样本数1050，序列长度60，特征数9
2025-12-29 12:57:25,804 - INFO - 序列构造完成：总样本数919，序列长度60，特征数9
2025-12-29 12:57:26,500 - INFO - 序列构造完成：总样本数1750，序列长度60，特征数9
2025-12-29 12:57:27,703 - INFO - 序列构造完成：总样本数3130，序列长度60，特征数9
2025-12-29 12:57:28,984 - INFO - 序列构造完成：总样本数3132，序列长度60，特征数9
2025-12-29 12:57:29,260 - INFO - 序列构造完成：总样本数164，序列长度60，特征数9
2025-12-29 12:57:29,510 - INFO - 序列构造完成：总样本数301，序列长度60，特征数9
2025-12-29 12:57:30,717 - INFO - 序列构造完成：总样本数3132，序列长度60，特征数9
2025-12-29 12:57:31,968 - INFO - 序列构造完成：总样本数3132，序列长度60，特征数9
2025-12-29 12:57:33,229 - INFO - 序列构造完成：总样本数3124，序列长度60，特征数9
2025-12-29 12:57:33,439 - INFO - 股票数量=200 - LSTM 泛化能力评估（平均）：
2025-12-29 12:57:33,439 - INFO - MAE=1.02, MSE=3.68, RMSE=1.27, R2=0.9249
2025-12-29 12:57:34,506 - INFO - 序列构造完成：总样本数3133，序列长度60，特征数9
2025-12-29 12:57:34,919 - INFO - 序列构造完成：总样本数464，序列长度60，特征数9
2025-12-29 12:57:35,350 - INFO - 序列构造完成：总样本数851，序列长度60，特征数9
2025-12-29 12:57:36,071 - INFO - 序列构造完成：总样本数1533，序列长度60，特征数9
2025-12-29 12:57:37,313 - INFO - 序列构造完成：总样本数3132，序列长度60，特征数9
2025-12-29 12:57:37,912 - INFO - 序列构造完成：总样本数1087，序列长度60，特征数9
2025-12-29 12:57:38,156 - INFO - 序列构造完成：总样本数163，序列长度60，特征数9
2025-12-29 12:57:38,351 - INFO - 序列构造完成：总样本数101，序列长度60，特征数9
2025-12-29 12:57:38,917 - INFO - 序列构造完成：总样本数1409，序列长度60，特征数9
2025-12-29 12:57:40,108 - INFO - 序列构造完成：总样本数3019，序列长度60，特征数9
2025-12-29 12:57:40,716 - INFO - 序列构造完成：总样本数1131，序列长度60，特征数9
2025-12-29 12:57:40,917 - INFO - 序列构造完成：总样本数64，序列长度60，特征数9
2025-12-29 12:57:41,132 - INFO - 序列构造完成：总样本数183，序列长度60，特征数9
2025-12-29 12:57:42,332 - INFO - 序列构造完成：总样本数3132，序列长度60，特征数9
2025-12-29 12:57:43,710 - INFO - 序列构造完成：总样本数3132，序列长度60，特征数9
2025-12-29 12:57:44,294 - INFO - 序列构造完成：总样本数1050，序列长度60，特征数9
2025-12-29 12:57:44,754 - INFO - 序列构造完成：总样本数919，序列长度60，特征数9
2025-12-29 12:57:45,477 - INFO - 序列构造完成：总样本数1750，序列长度60，特征数9
2025-12-29 12:57:46,737 - INFO - 序列构造完成：总样本数3130，序列长度60，特征数9
2025-12-29 12:57:48,040 - INFO - 序列构造完成：总样本数3132，序列长度60，特征数9
2025-12-29 12:57:48,378 - INFO - 序列构造完成：总样本数164，序列长度60，特征数9
2025-12-29 12:57:48,641 - INFO - 序列构造完成：总样本数301，序列长度60，特征数9
2025-12-29 12:57:49,833 - INFO - 序列构造完成：总样本数3132，序列长度60，特征数9
2025-12-29 12:57:51,150 - INFO - 序列构造完成：总样本数3132，序列长度60，特征数9
2025-12-29 12:57:52,443 - INFO - 序列构造完成：总样本数3124，序列长度60，特征数9
2025-12-29 12:57:52,713 - INFO - 股票数量=200 - GRU 泛化能力评估（平均）：
2025-12-29 12:57:52,713 - INFO - MAE=2.06, MSE=11.91, RMSE=2.34, R2=0.7942
2025-12-29 12:57:53,765 - INFO - 序列构造完成：总样本数3133，序列长度60，特征数9
2025-12-29 12:57:54,121 - INFO - 序列构造完成：总样本数464，序列长度60，特征数9
2025-12-29 12:57:54,517 - INFO - 序列构造完成：总样本数851，序列长度60，特征数9
2025-12-29 12:57:55,113 - INFO - 序列构造完成：总样本数1533，序列长度60，特征数9
2025-12-29 12:57:56,371 - INFO - 序列构造完成：总样本数3132，序列长度60，特征数9
2025-12-29 12:57:56,900 - INFO - 序列构造完成：总样本数1087，序列长度60，特征数9
2025-12-29 12:57:57,121 - INFO - 序列构造完成：总样本数163，序列长度60，特征数9
2025-12-29 12:57:57,298 - INFO - 序列构造完成：总样本数101，序列长度60，特征数9
2025-12-29 12:57:57,858 - INFO - 序列构造完成：总样本数1409，序列长度60，特征数9
2025-12-29 12:57:59,011 - INFO - 序列构造完成：总样本数3019，序列长度60，特征数9
2025-12-29 12:57:59,559 - INFO - 序列构造完成：总样本数1131，序列长度60，特征数9
2025-12-29 12:57:59,734 - INFO - 序列构造完成：总样本数64，序列长度60，特征数9
2025-12-29 12:58:00,035 - INFO - 序列构造完成：总样本数183，序列长度60，特征数9
2025-12-29 12:58:01,233 - INFO - 序列构造完成：总样本数3132，序列长度60，特征数9
2025-12-29 12:58:02,475 - INFO - 序列构造完成：总样本数3132，序列长度60，特征数9
2025-12-29 12:58:03,005 - INFO - 序列构造完成：总样本数1050，序列长度60，特征数9
2025-12-29 12:58:03,433 - INFO - 序列构造完成：总样本数919，序列长度60，特征数9
2025-12-29 12:58:04,122 - INFO - 序列构造完成：总样本数1750，序列长度60，特征数9
2025-12-29 12:58:05,340 - INFO - 序列构造完成：总样本数3130，序列长度60，特征数9
2025-12-29 12:58:06,598 - INFO - 序列构造完成：总样本数3132，序列长度60，特征数9
2025-12-29 12:58:06,869 - INFO - 序列构造完成：总样本数164，序列长度60，特征数9
2025-12-29 12:58:07,114 - INFO - 序列构造完成：总样本数301，序列长度60，特征数9
2025-12-29 12:58:08,307 - INFO - 序列构造完成：总样本数3132，序列长度60，特征数9
2025-12-29 12:58:09,621 - INFO - 序列构造完成：总样本数3132，序列长度60，特征数9
2025-12-29 12:58:10,867 - INFO - 序列构造完成：总样本数3124，序列长度60，特征数9
2025-12-29 12:58:11,081 - INFO - 股票数量=200 - CNN-LSTM 泛化能力评估（平均）：
2025-12-29 12:58:11,081 - INFO - MAE=0.46, MSE=0.79, RMSE=0.64, R2=0.9537
2025-12-29 12:58:12,128 - INFO - 序列构造完成：总样本数3133，序列长度60，特征数9
2025-12-29 12:58:12,572 - INFO - 序列构造完成：总样本数464，序列长度60，特征数9
2025-12-29 12:58:12,993 - INFO - 序列构造完成：总样本数851，序列长度60，特征数9
2025-12-29 12:58:13,620 - INFO - 序列构造完成：总样本数1533，序列长度60，特征数9
2025-12-29 12:58:14,867 - INFO - 序列构造完成：总样本数3132，序列长度60，特征数9
2025-12-29 12:58:15,484 - INFO - 序列构造完成：总样本数1087，序列长度60，特征数9
2025-12-29 12:58:15,728 - INFO - 序列构造完成：总样本数163，序列长度60，特征数9
2025-12-29 12:58:15,913 - INFO - 序列构造完成：总样本数101，序列长度60，特征数9
2025-12-29 12:58:16,472 - INFO - 序列构造完成：总样本数1409，序列长度60，特征数9
2025-12-29 12:58:17,658 - INFO - 序列构造完成：总样本数3019，序列长度60，特征数9
2025-12-29 12:58:18,294 - INFO - 序列构造完成：总样本数1131，序列长度60，特征数9
2025-12-29 12:58:18,504 - INFO - 序列构造完成：总样本数64，序列长度60，特征数9
2025-12-29 12:58:18,721 - INFO - 序列构造完成：总样本数183，序列长度60，特征数9
2025-12-29 12:58:19,924 - INFO - 序列构造完成：总样本数3132，序列长度60，特征数9
2025-12-29 12:58:21,257 - INFO - 序列构造完成：总样本数3132，序列长度60，特征数9
2025-12-29 12:58:21,987 - INFO - 序列构造完成：总样本数1050，序列长度60，特征数9
2025-12-29 12:58:22,455 - INFO - 序列构造完成：总样本数919，序列长度60，特征数9
2025-12-29 12:58:23,201 - INFO - 序列构造完成：总样本数1750，序列长度60，特征数9
2025-12-29 12:58:24,466 - INFO - 序列构造完成：总样本数3130，序列长度60，特征数9
2025-12-29 12:58:25,805 - INFO - 序列构造完成：总样本数3132，序列长度60，特征数9
2025-12-29 12:58:26,151 - INFO - 序列构造完成：总样本数164，序列长度60，特征数9
2025-12-29 12:58:26,395 - INFO - 序列构造完成：总样本数301，序列长度60，特征数9
2025-12-29 12:58:27,588 - INFO - 序列构造完成：总样本数3132，序列长度60，特征数9
2025-12-29 12:58:28,922 - INFO - 序列构造完成：总样本数3132，序列长度60，特征数9
2025-12-29 12:58:30,237 - INFO - 序列构造完成：总样本数3124，序列长度60，特征数9
2025-12-29 12:58:30,527 - INFO - 股票数量=200 - Attention-LSTM 泛化能力评估（平均）：
2025-12-29 12:58:30,527 - INFO - MAE=1.05, MSE=3.50, RMSE=1.25, R2=0.9321
2025-12-29 12:58:30,528 - INFO - 股票数量200：所有模型评估完成，结果已保存
2025-12-29 12:58:30,528 - INFO - 
=====================================
2025-12-29 12:58:30,528 - INFO - 开始处理股票数量：500
2025-12-29 12:58:30,528 - INFO - =====================================

2025-12-29 12:58:30,532 - INFO - 总股票文件数：7195
2025-12-29 12:58:30,532 - INFO - 开始收集25只有效预留测试股票...
2025-12-29 12:58:30,648 - INFO - 预留测试股票收集进度：5/25
2025-12-29 12:58:30,772 - INFO - 预留测试股票收集进度：10/25
2025-12-29 12:58:30,886 - INFO - 预留测试股票收集进度：15/25
2025-12-29 12:58:31,044 - INFO - 预留测试股票收集进度：20/25
2025-12-29 12:58:31,180 - INFO - 预留测试股票收集进度：25/25
2025-12-29 12:58:31,180 - INFO - 预留测试股票收集完成：共25只有效股票（目标25只）
2025-12-29 12:58:31,180 - INFO - 预留测试股票数量达标！
2025-12-29 12:58:31,182 - INFO - 可用于训练的股票文件数：7170，开始遍历收集500只有效训练股票...
2025-12-29 12:58:31,444 - INFO - 训练股票收集进度：10/500
2025-12-29 12:58:31,738 - ERROR - 加载训练股票asns.us失败：No columns to parse from file，继续遍历下一支
2025-12-29 12:58:31,794 - INFO - 训练股票收集进度：20/500
2025-12-29 12:58:32,006 - INFO - 训练股票收集进度：30/500
2025-12-29 12:58:32,255 - INFO - 训练股票收集进度：40/500
2025-12-29 12:58:32,624 - INFO - 训练股票收集进度：50/500
2025-12-29 12:58:32,891 - INFO - 训练股票收集进度：60/500
2025-12-29 12:58:33,167 - INFO - 训练股票收集进度：70/500
2025-12-29 12:58:33,392 - INFO - 训练股票收集进度：80/500
2025-12-29 12:58:33,642 - INFO - 训练股票收集进度：90/500
2025-12-29 12:58:33,866 - INFO - 训练股票收集进度：100/500
2025-12-29 12:58:34,163 - INFO - 训练股票收集进度：110/500
2025-12-29 12:58:34,343 - ERROR - 加载训练股票vist.us失败：No columns to parse from file，继续遍历下一支
2025-12-29 12:58:34,488 - INFO - 训练股票收集进度：120/500
2025-12-29 12:58:34,810 - INFO - 训练股票收集进度：130/500
2025-12-29 12:58:35,189 - INFO - 训练股票收集进度：140/500
2025-12-29 12:58:35,448 - INFO - 训练股票收集进度：150/500
2025-12-29 12:58:36,505 - INFO - 训练股票收集进度：160/500
2025-12-29 12:58:39,978 - INFO - 训练股票收集进度：170/500
2025-12-29 12:58:46,615 - INFO - 训练股票收集进度：180/500
2025-12-29 12:58:49,851 - INFO - 训练股票收集进度：190/500
2025-12-29 12:58:51,396 - INFO - 训练股票收集进度：200/500
2025-12-29 12:58:53,333 - INFO - 训练股票收集进度：210/500
2025-12-29 12:58:55,583 - INFO - 训练股票收集进度：220/500
2025-12-29 12:58:57,113 - INFO - 训练股票收集进度：230/500
2025-12-29 12:59:00,221 - INFO - 训练股票收集进度：240/500
2025-12-29 12:59:00,950 - INFO - 训练股票收集进度：250/500
2025-12-29 12:59:01,452 - INFO - 训练股票收集进度：260/500
2025-12-29 12:59:01,858 - INFO - 训练股票收集进度：270/500
2025-12-29 12:59:02,345 - INFO - 训练股票收集进度：280/500
2025-12-29 12:59:02,949 - INFO - 训练股票收集进度：290/500
2025-12-29 12:59:03,443 - INFO - 训练股票收集进度：300/500
2025-12-29 12:59:04,156 - INFO - 训练股票收集进度：310/500
2025-12-29 12:59:04,702 - INFO - 训练股票收集进度：320/500
2025-12-29 12:59:05,090 - INFO - 训练股票收集进度：330/500
2025-12-29 12:59:05,896 - INFO - 训练股票收集进度：340/500
2025-12-29 12:59:06,323 - INFO - 训练股票收集进度：350/500
2025-12-29 12:59:06,664 - INFO - 训练股票收集进度：360/500
2025-12-29 12:59:07,238 - INFO - 训练股票收集进度：370/500
2025-12-29 12:59:07,655 - INFO - 训练股票收集进度：380/500
2025-12-29 12:59:08,173 - INFO - 训练股票收集进度：390/500
2025-12-29 12:59:08,561 - INFO - 训练股票收集进度：400/500
2025-12-29 12:59:09,391 - INFO - 训练股票收集进度：410/500
2025-12-29 12:59:09,924 - INFO - 训练股票收集进度：420/500
2025-12-29 12:59:09,924 - ERROR - 加载训练股票hayu.us失败：No columns to parse from file，继续遍历下一支
2025-12-29 12:59:10,395 - INFO - 训练股票收集进度：430/500
2025-12-29 12:59:10,841 - INFO - 训练股票收集进度：440/500
2025-12-29 12:59:11,259 - INFO - 训练股票收集进度：450/500
2025-12-29 12:59:11,675 - INFO - 训练股票收集进度：460/500
2025-12-29 12:59:12,293 - INFO - 训练股票收集进度：470/500
2025-12-29 12:59:12,759 - INFO - 训练股票收集进度：480/500
2025-12-29 12:59:13,157 - INFO - 训练股票收集进度：490/500
2025-12-29 12:59:13,607 - INFO - 训练股票收集进度：500/500
2025-12-29 12:59:13,607 - INFO - 训练股票收集完成：成功获取500只有效训练股票（目标500只）
2025-12-29 13:17:58,063 - INFO - 序列构造完成：总样本数1105538，序列长度60，特征数9
2025-12-29 13:18:18,085 - INFO - 数据集划分：训练集(884430, 60, 9)，验证集(110553, 60, 9)，内部测试集(110555, 60, 9)
2025-12-29 13:19:09,520 - INFO - 当前模型训练日志将保存至：./stock_training_results\logs\training_log_stockCount_500_LSTM_pytorch.csv
2025-12-29 13:19:10,002 - INFO - 开始训练LSTM模型（股票数量：500，设备：cpu）
2025-12-29 13:45:29,168 - INFO - EarlyStopping counter: 1 out of 5
2025-12-29 17:06:32,025 - INFO - 所有文件夹创建完成，全局日志保存至：./stock_training_results\logs\stock_gradient_training_pytorch.log
2025-12-29 17:06:32,044 - INFO - matplotlib中文字体配置生效，后续所有图片中文将正常显示
2025-12-29 17:06:32,051 - INFO - 总股票文件数：7195
2025-12-29 17:06:32,051 - INFO - 开始收集25只有效预留测试股票...
2025-12-29 17:06:32,187 - INFO - 预留测试股票收集进度：5/25
2025-12-29 17:06:32,319 - INFO - 预留测试股票收集进度：10/25
2025-12-29 17:06:32,471 - INFO - 预留测试股票收集进度：15/25
2025-12-29 17:06:32,577 - INFO - 预留测试股票收集进度：20/25
2025-12-29 17:06:32,663 - INFO - 预留测试股票收集进度：25/25
2025-12-29 17:06:32,663 - INFO - 预留测试股票收集完成：共25只有效股票（目标25只）
2025-12-29 17:06:32,663 - INFO - 预留测试股票数量达标！
2025-12-29 17:06:32,663 - INFO - 预留测试股票数量校验通过：25只（达标25只要求）
2025-12-29 17:06:32,663 - INFO - 
=====================================
2025-12-29 17:06:32,663 - INFO - 开始处理股票数量：1
2025-12-29 17:06:32,663 - INFO - =====================================

2025-12-29 17:06:32,666 - INFO - 总股票文件数：7195
2025-12-29 17:06:32,666 - INFO - 开始收集25只有效预留测试股票...
2025-12-29 17:06:32,808 - INFO - 预留测试股票收集进度：5/25
2025-12-29 17:06:32,938 - INFO - 预留测试股票收集进度：10/25
2025-12-29 17:06:33,087 - INFO - 预留测试股票收集进度：15/25
2025-12-29 17:06:33,414 - INFO - 预留测试股票收集进度：20/25
2025-12-29 17:06:33,570 - INFO - 预留测试股票收集进度：25/25
2025-12-29 17:06:33,570 - INFO - 预留测试股票收集完成：共25只有效股票（目标25只）
2025-12-29 17:06:33,570 - INFO - 预留测试股票数量达标！
2025-12-29 17:06:33,572 - INFO - 可用于训练的股票文件数：7170，开始遍历收集1只有效训练股票...
2025-12-29 17:06:33,576 - INFO - 训练股票收集完成：成功获取1只有效训练股票（目标1只）
2025-12-29 17:06:33,585 - INFO - 序列构造完成：总样本数19，序列长度60，特征数9
2025-12-29 17:06:33,586 - INFO - 数据集划分：训练集(15, 60, 9)，验证集(1, 60, 9)，内部测试集(3, 60, 9)
2025-12-29 17:06:39,887 - INFO - 当前模型训练日志将保存至：./stock_training_results\logs\training_log_stockCount_1_LSTM_pytorch.csv
2025-12-29 17:06:39,888 - INFO - 开始训练LSTM模型（股票数量：1，设备：cpu）
2025-12-29 17:06:39,958 - INFO - Epoch [5/50], Train Loss: 0.634886, Val Loss: 0.641174
2025-12-29 17:06:39,985 - INFO - Epoch [10/50], Train Loss: 0.511108, Val Loss: 0.520368
2025-12-29 17:06:40,010 - INFO - Epoch [15/50], Train Loss: 0.382546, Val Loss: 0.348828
2025-12-29 17:06:40,035 - INFO - Epoch [20/50], Train Loss: 0.144044, Val Loss: 0.116889
2025-12-29 17:06:40,061 - INFO - Epoch [25/50], Train Loss: 0.013304, Val Loss: 0.000824
2025-12-29 17:06:40,070 - INFO - EarlyStopping counter: 1 out of 5
2025-12-29 17:06:40,075 - INFO - EarlyStopping counter: 2 out of 5
2025-12-29 17:06:40,080 - INFO - EarlyStopping counter: 3 out of 5
2025-12-29 17:06:40,085 - INFO - Epoch [30/50], Train Loss: 0.034702, Val Loss: 0.019443
2025-12-29 17:06:40,085 - INFO - EarlyStopping counter: 4 out of 5
2025-12-29 17:06:40,090 - INFO - EarlyStopping counter: 5 out of 5
2025-12-29 17:06:40,090 - INFO - Restored best model weights from early stopping
2025-12-29 17:06:40,090 - INFO - Early stopping triggered at epoch 31
2025-12-29 17:06:40,092 - INFO - 模型权重保存至：./stock_training_results\models\model_stockCount_1_LSTM_pytorch.pth
2025-12-29 17:06:41,110 - INFO - 损失曲线保存至：./stock_training_results\loss_curves\loss_curve_stockCount_1_LSTM_pytorch.png
2025-12-29 17:06:41,128 - INFO - 当前模型训练日志将保存至：./stock_training_results\logs\training_log_stockCount_1_GRU_pytorch.csv
2025-12-29 17:06:41,128 - INFO - 开始训练GRU模型（股票数量：1，设备：cpu）
2025-12-29 17:06:41,277 - INFO - Epoch [5/50], Train Loss: 0.429089, Val Loss: 0.386642
2025-12-29 17:06:41,420 - INFO - Epoch [10/50], Train Loss: 0.230699, Val Loss: 0.214410
2025-12-29 17:06:41,560 - INFO - Epoch [15/50], Train Loss: 0.099444, Val Loss: 0.063892
2025-12-29 17:06:41,696 - INFO - Epoch [20/50], Train Loss: 0.015619, Val Loss: 0.000008
2025-12-29 17:06:41,726 - INFO - EarlyStopping counter: 1 out of 5
2025-12-29 17:06:41,755 - INFO - EarlyStopping counter: 2 out of 5
2025-12-29 17:06:41,784 - INFO - EarlyStopping counter: 3 out of 5
2025-12-29 17:06:41,810 - INFO - EarlyStopping counter: 4 out of 5
2025-12-29 17:06:41,837 - INFO - Epoch [25/50], Train Loss: 0.025422, Val Loss: 0.023692
2025-12-29 17:06:41,837 - INFO - EarlyStopping counter: 5 out of 5
2025-12-29 17:06:41,838 - INFO - Restored best model weights from early stopping
2025-12-29 17:06:41,838 - INFO - Early stopping triggered at epoch 25
2025-12-29 17:06:41,839 - INFO - 模型权重保存至：./stock_training_results\models\model_stockCount_1_GRU_pytorch.pth
2025-12-29 17:06:41,967 - INFO - 损失曲线保存至：./stock_training_results\loss_curves\loss_curve_stockCount_1_GRU_pytorch.png
2025-12-29 17:06:41,969 - INFO - 当前模型训练日志将保存至：./stock_training_results\logs\training_log_stockCount_1_CNN-LSTM_pytorch.csv
2025-12-29 17:06:41,969 - INFO - 开始训练CNN-LSTM模型（股票数量：1，设备：cpu）
2025-12-29 17:06:44,842 - INFO - Epoch [5/50], Train Loss: 0.491820, Val Loss: 0.487735
2025-12-29 17:06:44,863 - INFO - Epoch [10/50], Train Loss: 0.274344, Val Loss: 0.225825
2025-12-29 17:06:44,881 - INFO - Epoch [15/50], Train Loss: 0.017920, Val Loss: 0.011132
2025-12-29 17:06:44,881 - INFO - EarlyStopping counter: 1 out of 5
2025-12-29 17:06:44,884 - INFO - EarlyStopping counter: 2 out of 5
2025-12-29 17:06:44,888 - INFO - EarlyStopping counter: 3 out of 5
2025-12-29 17:06:44,892 - INFO - EarlyStopping counter: 4 out of 5
2025-12-29 17:06:44,896 - INFO - EarlyStopping counter: 5 out of 5
2025-12-29 17:06:44,897 - INFO - Restored best model weights from early stopping
2025-12-29 17:06:44,897 - INFO - Early stopping triggered at epoch 19
2025-12-29 17:06:44,988 - INFO - 模型权重保存至：./stock_training_results\models\model_stockCount_1_CNN-LSTM_pytorch.pth
2025-12-29 17:06:45,119 - INFO - 损失曲线保存至：./stock_training_results\loss_curves\loss_curve_stockCount_1_CNN-LSTM_pytorch.png
2025-12-29 17:06:45,120 - INFO - 当前模型训练日志将保存至：./stock_training_results\logs\training_log_stockCount_1_Attention-LSTM_pytorch.csv
2025-12-29 17:06:45,120 - INFO - 开始训练Attention-LSTM模型（股票数量：1，设备：cpu）
2025-12-29 17:06:45,652 - INFO - Epoch [5/50], Train Loss: 0.395137, Val Loss: 0.400350
2025-12-29 17:06:45,687 - INFO - Epoch [10/50], Train Loss: 0.330603, Val Loss: 0.341893
2025-12-29 17:06:45,722 - INFO - Epoch [15/50], Train Loss: 0.252871, Val Loss: 0.228963
2025-12-29 17:06:45,756 - INFO - Epoch [20/50], Train Loss: 0.109648, Val Loss: 0.066936
2025-12-29 17:06:45,788 - INFO - Epoch [25/50], Train Loss: 0.015969, Val Loss: 0.000389
2025-12-29 17:06:45,794 - INFO - EarlyStopping counter: 1 out of 5
2025-12-29 17:06:45,800 - INFO - EarlyStopping counter: 2 out of 5
2025-12-29 17:06:45,807 - INFO - EarlyStopping counter: 3 out of 5
2025-12-29 17:06:45,813 - INFO - EarlyStopping counter: 4 out of 5
2025-12-29 17:06:45,819 - INFO - Epoch [30/50], Train Loss: 0.036170, Val Loss: 0.009737
2025-12-29 17:06:45,819 - INFO - EarlyStopping counter: 5 out of 5
2025-12-29 17:06:45,819 - INFO - Restored best model weights from early stopping
2025-12-29 17:06:45,819 - INFO - Early stopping triggered at epoch 30
2025-12-29 17:06:45,821 - INFO - 模型权重保存至：./stock_training_results\models\model_stockCount_1_Attention-LSTM_pytorch.pth
2025-12-29 17:06:45,966 - INFO - 损失曲线保存至：./stock_training_results\loss_curves\loss_curve_stockCount_1_Attention-LSTM_pytorch.png
2025-12-29 17:06:46,457 - INFO - 序列构造完成：总样本数1587，序列长度60，特征数9
2025-12-29 17:06:49,574 - INFO - 序列构造完成：总样本数1702，序列长度60，特征数9
2025-12-29 17:06:51,320 - INFO - 序列构造完成：总样本数3122，序列长度60，特征数9
2025-12-29 17:06:51,641 - INFO - 序列构造完成：总样本数311，序列长度60，特征数9
2025-12-29 17:06:52,924 - INFO - 序列构造完成：总样本数2574，序列长度60，特征数9
2025-12-29 17:06:54,087 - INFO - 序列构造完成：总样本数222，序列长度60，特征数9
2025-12-29 17:06:54,614 - INFO - 序列构造完成：总样本数1124，序列长度60，特征数9
2025-12-29 17:06:55,176 - INFO - 序列构造完成：总样本数1278，序列长度60，特征数9
2025-12-29 17:06:55,682 - INFO - 序列构造完成：总样本数1054，序列长度60，特征数9
2025-12-29 17:06:56,866 - INFO - 序列构造完成：总样本数3132，序列长度60，特征数9
2025-12-29 17:06:58,113 - INFO - 序列构造完成：总样本数3132，序列长度60，特征数9
2025-12-29 17:06:58,520 - INFO - 序列构造完成：总样本数600，序列长度60，特征数9
2025-12-29 17:06:59,696 - INFO - 序列构造完成：总样本数3132，序列长度60，特征数9
2025-12-29 17:07:00,116 - INFO - 序列构造完成：总样本数666，序列长度60，特征数9
2025-12-29 17:07:04,308 - INFO - 序列构造完成：总样本数8973，序列长度60，特征数9
2025-12-29 17:07:06,120 - INFO - 序列构造完成：总样本数3129，序列长度60，特征数9
2025-12-29 17:07:07,519 - INFO - 序列构造完成：总样本数3132，序列长度60，特征数9
2025-12-29 17:07:08,806 - INFO - 序列构造完成：总样本数3132，序列长度60，特征数9
2025-12-29 17:07:09,387 - INFO - 序列构造完成：总样本数1169，序列长度60，特征数9
2025-12-29 17:07:10,578 - INFO - 序列构造完成：总样本数3112，序列长度60，特征数9
2025-12-29 17:07:11,166 - INFO - 序列构造完成：总样本数1263，序列长度60，特征数9
2025-12-29 17:07:11,845 - INFO - 序列构造完成：总样本数1743，序列长度60，特征数9
2025-12-29 17:07:12,208 - INFO - 序列构造完成：总样本数690，序列长度60，特征数9
2025-12-29 17:07:13,404 - INFO - 序列构造完成：总样本数3132，序列长度60，特征数9
2025-12-29 17:07:13,972 - INFO - 序列构造完成：总样本数1078，序列长度60，特征数9
2025-12-29 17:07:14,150 - INFO - 股票数量=1 - LSTM 泛化能力评估（平均）：
2025-12-29 17:07:14,165 - INFO - MAE=58.53, MSE=51582.65, RMSE=61.69, R2=-6.9192
2025-12-29 17:07:14,648 - INFO - 序列构造完成：总样本数1587，序列长度60，特征数9
2025-12-29 17:07:15,368 - INFO - 序列构造完成：总样本数1702，序列长度60，特征数9
2025-12-29 17:07:16,601 - INFO - 序列构造完成：总样本数3122，序列长度60，特征数9
2025-12-29 17:07:17,108 - INFO - 序列构造完成：总样本数311，序列长度60，特征数9
2025-12-29 17:07:18,113 - INFO - 序列构造完成：总样本数2574，序列长度60，特征数9
2025-12-29 17:07:18,425 - INFO - 序列构造完成：总样本数222，序列长度60，特征数9
2025-12-29 17:07:18,894 - INFO - 序列构造完成：总样本数1124，序列长度60，特征数9
2025-12-29 17:07:19,472 - INFO - 序列构造完成：总样本数1278，序列长度60，特征数9
2025-12-29 17:07:19,959 - INFO - 序列构造完成：总样本数1054，序列长度60，特征数9
2025-12-29 17:07:21,159 - INFO - 序列构造完成：总样本数3132，序列长度60，特征数9
2025-12-29 17:07:22,462 - INFO - 序列构造完成：总样本数3132，序列长度60，特征数9
2025-12-29 17:07:22,939 - INFO - 序列构造完成：总样本数600，序列长度60，特征数9
2025-12-29 17:07:24,129 - INFO - 序列构造完成：总样本数3132，序列长度60，特征数9
2025-12-29 17:07:24,599 - INFO - 序列构造完成：总样本数666，序列长度60，特征数9
2025-12-29 17:07:28,618 - INFO - 序列构造完成：总样本数8973，序列长度60，特征数9
2025-12-29 17:07:30,451 - INFO - 序列构造完成：总样本数3129，序列长度60，特征数9
2025-12-29 17:07:31,783 - INFO - 序列构造完成：总样本数3132，序列长度60，特征数9
2025-12-29 17:07:33,117 - INFO - 序列构造完成：总样本数3132，序列长度60，特征数9
2025-12-29 17:07:33,719 - INFO - 序列构造完成：总样本数1169，序列长度60，特征数9
2025-12-29 17:07:34,912 - INFO - 序列构造完成：总样本数3112，序列长度60，特征数9
2025-12-29 17:07:35,607 - INFO - 序列构造完成：总样本数1263，序列长度60，特征数9
2025-12-29 17:07:36,289 - INFO - 序列构造完成：总样本数1743，序列长度60，特征数9
2025-12-29 17:07:36,711 - INFO - 序列构造完成：总样本数690，序列长度60，特征数9
2025-12-29 17:07:37,922 - INFO - 序列构造完成：总样本数3132，序列长度60，特征数9
2025-12-29 17:07:38,542 - INFO - 序列构造完成：总样本数1078，序列长度60，特征数9
2025-12-29 17:07:38,711 - INFO - 股票数量=1 - GRU 泛化能力评估（平均）：
2025-12-29 17:07:38,711 - INFO - MAE=39.66, MSE=22556.91, RMSE=40.70, R2=-2.6107
2025-12-29 17:07:39,179 - INFO - 序列构造完成：总样本数1587，序列长度60，特征数9
2025-12-29 17:07:39,868 - INFO - 序列构造完成：总样本数1702，序列长度60，特征数9
2025-12-29 17:07:41,062 - INFO - 序列构造完成：总样本数3122，序列长度60，特征数9
2025-12-29 17:07:41,383 - INFO - 序列构造完成：总样本数311，序列长度60，特征数9
2025-12-29 17:07:42,402 - INFO - 序列构造完成：总样本数2574，序列长度60，特征数9
2025-12-29 17:07:42,686 - INFO - 序列构造完成：总样本数222，序列长度60，特征数9
2025-12-29 17:07:43,191 - INFO - 序列构造完成：总样本数1124，序列长度60，特征数9
2025-12-29 17:07:43,745 - INFO - 序列构造完成：总样本数1278，序列长度60，特征数9
2025-12-29 17:07:44,205 - INFO - 序列构造完成：总样本数1054，序列长度60，特征数9
2025-12-29 17:07:45,386 - INFO - 序列构造完成：总样本数3132，序列长度60，特征数9
2025-12-29 17:07:46,631 - INFO - 序列构造完成：总样本数3132，序列长度60，特征数9
2025-12-29 17:07:47,025 - INFO - 序列构造完成：总样本数600，序列长度60，特征数9
2025-12-29 17:07:48,224 - INFO - 序列构造完成：总样本数3132，序列长度60，特征数9
2025-12-29 17:07:48,615 - INFO - 序列构造完成：总样本数666，序列长度60，特征数9
2025-12-29 17:07:52,707 - INFO - 序列构造完成：总样本数8973，序列长度60，特征数9
2025-12-29 17:07:54,277 - INFO - 序列构造完成：总样本数3129，序列长度60，特征数9
2025-12-29 17:07:55,525 - INFO - 序列构造完成：总样本数3132，序列长度60，特征数9
2025-12-29 17:07:56,792 - INFO - 序列构造完成：总样本数3132，序列长度60，特征数9
2025-12-29 17:07:57,360 - INFO - 序列构造完成：总样本数1169，序列长度60，特征数9
2025-12-29 17:07:58,520 - INFO - 序列构造完成：总样本数3112，序列长度60，特征数9
2025-12-29 17:07:59,098 - INFO - 序列构造完成：总样本数1263，序列长度60，特征数9
2025-12-29 17:07:59,773 - INFO - 序列构造完成：总样本数1743，序列长度60，特征数9
2025-12-29 17:08:00,156 - INFO - 序列构造完成：总样本数690，序列长度60，特征数9
2025-12-29 17:08:01,337 - INFO - 序列构造完成：总样本数3132，序列长度60，特征数9
2025-12-29 17:08:01,949 - INFO - 序列构造完成：总样本数1078，序列长度60，特征数9
2025-12-29 17:08:02,105 - INFO - 股票数量=1 - CNN-LSTM 泛化能力评估（平均）：
2025-12-29 17:08:02,105 - INFO - MAE=33.57, MSE=15777.35, RMSE=34.18, R2=-1.6367
2025-12-29 17:08:02,574 - INFO - 序列构造完成：总样本数1587，序列长度60，特征数9
2025-12-29 17:08:03,311 - INFO - 序列构造完成：总样本数1702，序列长度60，特征数9
2025-12-29 17:08:04,555 - INFO - 序列构造完成：总样本数3122，序列长度60，特征数9
2025-12-29 17:08:04,980 - INFO - 序列构造完成：总样本数311，序列长度60，特征数9
2025-12-29 17:08:05,987 - INFO - 序列构造完成：总样本数2574，序列长度60，特征数9
2025-12-29 17:08:06,423 - INFO - 序列构造完成：总样本数222，序列长度60，特征数9
2025-12-29 17:08:06,912 - INFO - 序列构造完成：总样本数1124，序列长度60，特征数9
2025-12-29 17:08:07,454 - INFO - 序列构造完成：总样本数1278，序列长度60，特征数9
2025-12-29 17:08:08,008 - INFO - 序列构造完成：总样本数1054，序列长度60，特征数9
2025-12-29 17:08:09,238 - INFO - 序列构造完成：总样本数3132，序列长度60，特征数9
2025-12-29 17:08:10,563 - INFO - 序列构造完成：总样本数3132，序列长度60，特征数9
2025-12-29 17:08:11,089 - INFO - 序列构造完成：总样本数600，序列长度60，特征数9
2025-12-29 17:08:12,289 - INFO - 序列构造完成：总样本数3132，序列长度60，特征数9
2025-12-29 17:08:12,808 - INFO - 序列构造完成：总样本数666，序列长度60，特征数9
2025-12-29 17:08:16,876 - INFO - 序列构造完成：总样本数8973，序列长度60，特征数9
2025-12-29 17:08:18,699 - INFO - 序列构造完成：总样本数3129，序列长度60，特征数9
2025-12-29 17:08:20,070 - INFO - 序列构造完成：总样本数3132，序列长度60，特征数9
2025-12-29 17:08:21,421 - INFO - 序列构造完成：总样本数3132，序列长度60，特征数9
2025-12-29 17:08:22,101 - INFO - 序列构造完成：总样本数1169，序列长度60，特征数9
2025-12-29 17:08:23,329 - INFO - 序列构造完成：总样本数3112，序列长度60，特征数9
2025-12-29 17:08:24,015 - INFO - 序列构造完成：总样本数1263，序列长度60，特征数9
2025-12-29 17:08:24,736 - INFO - 序列构造完成：总样本数1743，序列长度60，特征数9
2025-12-29 17:08:25,251 - INFO - 序列构造完成：总样本数690，序列长度60，特征数9
2025-12-29 17:08:26,466 - INFO - 序列构造完成：总样本数3132，序列长度60，特征数9
2025-12-29 17:08:27,074 - INFO - 序列构造完成：总样本数1078，序列长度60，特征数9
2025-12-29 17:08:27,277 - INFO - 股票数量=1 - Attention-LSTM 泛化能力评估（平均）：
2025-12-29 17:08:27,277 - INFO - MAE=55.00, MSE=46086.63, RMSE=58.29, R2=-6.0290
2025-12-29 17:08:27,278 - INFO - 股票数量1：所有模型评估完成，结果已保存
2025-12-29 17:08:27,278 - INFO - 
=====================================
2025-12-29 17:08:27,278 - INFO - 开始处理股票数量：10
2025-12-29 17:08:27,278 - INFO - =====================================

2025-12-29 17:08:27,281 - INFO - 总股票文件数：7195
2025-12-29 17:08:27,281 - INFO - 开始收集25只有效预留测试股票...
2025-12-29 17:08:27,493 - INFO - 预留测试股票收集进度：5/25
2025-12-29 17:08:27,689 - INFO - 预留测试股票收集进度：10/25
2025-12-29 17:08:27,874 - INFO - 预留测试股票收集进度：15/25
2025-12-29 17:08:28,042 - INFO - 预留测试股票收集进度：20/25
2025-12-29 17:08:28,232 - INFO - 预留测试股票收集进度：25/25
2025-12-29 17:08:28,232 - INFO - 预留测试股票收集完成：共25只有效股票（目标25只）
2025-12-29 17:08:28,232 - INFO - 预留测试股票数量达标！
2025-12-29 17:08:28,234 - INFO - 可用于训练的股票文件数：7170，开始遍历收集10只有效训练股票...
2025-12-29 17:08:28,395 - ERROR - 加载训练股票mapi.us失败：No columns to parse from file，继续遍历下一支
2025-12-29 17:08:28,518 - INFO - 训练股票收集进度：10/10
2025-12-29 17:08:28,518 - INFO - 训练股票收集完成：成功获取10只有效训练股票（目标10只）
2025-12-29 17:08:37,219 - INFO - 序列构造完成：总样本数23654，序列长度60，特征数9
2025-12-29 17:08:37,261 - INFO - 数据集划分：训练集(18923, 60, 9)，验证集(2365, 60, 9)，内部测试集(2366, 60, 9)
2025-12-29 17:08:37,283 - INFO - 当前模型训练日志将保存至：./stock_training_results\logs\training_log_stockCount_10_LSTM_pytorch.csv
2025-12-29 17:08:37,283 - INFO - 开始训练LSTM模型（股票数量：10，设备：cpu）
2025-12-29 17:08:54,562 - INFO - EarlyStopping counter: 1 out of 5
2025-12-29 17:08:58,887 - INFO - Epoch [5/50], Train Loss: 0.002711, Val Loss: 0.005645
2025-12-29 17:08:58,887 - INFO - EarlyStopping counter: 2 out of 5
2025-12-29 17:09:03,166 - INFO - EarlyStopping counter: 3 out of 5
2025-12-29 17:09:07,551 - INFO - EarlyStopping counter: 4 out of 5
2025-12-29 17:09:11,905 - INFO - EarlyStopping counter: 5 out of 5
2025-12-29 17:09:11,906 - INFO - Restored best model weights from early stopping
2025-12-29 17:09:11,906 - INFO - Early stopping triggered at epoch 8
2025-12-29 17:09:11,907 - INFO - 模型权重保存至：./stock_training_results\models\model_stockCount_10_LSTM_pytorch.pth
2025-12-29 17:09:12,022 - INFO - 损失曲线保存至：./stock_training_results\loss_curves\loss_curve_stockCount_10_LSTM_pytorch.png
2025-12-29 17:09:12,047 - INFO - 当前模型训练日志将保存至：./stock_training_results\logs\training_log_stockCount_10_GRU_pytorch.csv
2025-12-29 17:09:12,047 - INFO - 开始训练GRU模型（股票数量：10，设备：cpu）
2025-12-29 17:10:11,348 - INFO - EarlyStopping counter: 1 out of 5
2025-12-29 17:10:26,149 - INFO - Epoch [5/50], Train Loss: 0.002101, Val Loss: 0.001979
2025-12-29 17:10:26,149 - INFO - EarlyStopping counter: 2 out of 5
2025-12-29 17:10:40,813 - INFO - EarlyStopping counter: 3 out of 5
2025-12-29 17:10:55,789 - INFO - EarlyStopping counter: 4 out of 5
2025-12-29 17:11:10,533 - INFO - EarlyStopping counter: 5 out of 5
2025-12-29 17:11:10,534 - INFO - Restored best model weights from early stopping
2025-12-29 17:11:10,534 - INFO - Early stopping triggered at epoch 8
2025-12-29 17:11:10,535 - INFO - 模型权重保存至：./stock_training_results\models\model_stockCount_10_GRU_pytorch.pth
2025-12-29 17:11:10,659 - INFO - 损失曲线保存至：./stock_training_results\loss_curves\loss_curve_stockCount_10_GRU_pytorch.png
2025-12-29 17:11:10,665 - INFO - 当前模型训练日志将保存至：./stock_training_results\logs\training_log_stockCount_10_CNN-LSTM_pytorch.csv
2025-12-29 17:11:10,665 - INFO - 开始训练CNN-LSTM模型（股票数量：10，设备：cpu）
2025-12-29 17:11:22,683 - INFO - Epoch [5/50], Train Loss: 0.001176, Val Loss: 0.002192
2025-12-29 17:11:22,683 - INFO - EarlyStopping counter: 1 out of 5
2025-12-29 17:11:25,108 - INFO - EarlyStopping counter: 2 out of 5
2025-12-29 17:11:32,393 - INFO - EarlyStopping counter: 1 out of 5
2025-12-29 17:11:34,816 - INFO - Epoch [10/50], Train Loss: 0.000931, Val Loss: 0.000817
2025-12-29 17:11:34,816 - INFO - EarlyStopping counter: 2 out of 5
2025-12-29 17:11:39,681 - INFO - EarlyStopping counter: 1 out of 5
2025-12-29 17:11:42,104 - INFO - EarlyStopping counter: 2 out of 5
2025-12-29 17:11:44,565 - INFO - EarlyStopping counter: 3 out of 5
2025-12-29 17:11:47,021 - INFO - Epoch [15/50], Train Loss: 0.000817, Val Loss: 0.001417
2025-12-29 17:11:47,021 - INFO - EarlyStopping counter: 4 out of 5
2025-12-29 17:11:51,991 - INFO - EarlyStopping counter: 1 out of 5
2025-12-29 17:11:54,421 - INFO - EarlyStopping counter: 2 out of 5
2025-12-29 17:11:56,848 - INFO - EarlyStopping counter: 3 out of 5
2025-12-29 17:11:59,309 - INFO - Epoch [20/50], Train Loss: 0.000575, Val Loss: 0.000323
2025-12-29 17:11:59,309 - INFO - EarlyStopping counter: 4 out of 5
2025-12-29 17:12:01,748 - INFO - EarlyStopping counter: 5 out of 5
2025-12-29 17:12:01,749 - INFO - Restored best model weights from early stopping
2025-12-29 17:12:01,749 - INFO - Early stopping triggered at epoch 21
2025-12-29 17:12:01,767 - INFO - 模型权重保存至：./stock_training_results\models\model_stockCount_10_CNN-LSTM_pytorch.pth
2025-12-29 17:12:01,895 - INFO - 损失曲线保存至：./stock_training_results\loss_curves\loss_curve_stockCount_10_CNN-LSTM_pytorch.png
2025-12-29 17:12:01,901 - INFO - 当前模型训练日志将保存至：./stock_training_results\logs\training_log_stockCount_10_Attention-LSTM_pytorch.csv
2025-12-29 17:12:01,901 - INFO - 开始训练Attention-LSTM模型（股票数量：10，设备：cpu）
2025-12-29 17:12:27,575 - INFO - Epoch [5/50], Train Loss: 0.005072, Val Loss: 0.009603
2025-12-29 17:12:32,685 - INFO - EarlyStopping counter: 1 out of 5
2025-12-29 17:12:37,741 - INFO - EarlyStopping counter: 2 out of 5
2025-12-29 17:12:43,079 - INFO - EarlyStopping counter: 3 out of 5
2025-12-29 17:12:48,439 - INFO - EarlyStopping counter: 4 out of 5
2025-12-29 17:12:53,552 - INFO - Epoch [10/50], Train Loss: 0.004029, Val Loss: 0.011402
2025-12-29 17:12:53,552 - INFO - EarlyStopping counter: 5 out of 5
2025-12-29 17:12:53,553 - INFO - Restored best model weights from early stopping
2025-12-29 17:12:53,553 - INFO - Early stopping triggered at epoch 10
2025-12-29 17:12:53,570 - INFO - 模型权重保存至：./stock_training_results\models\model_stockCount_10_Attention-LSTM_pytorch.pth
2025-12-29 17:12:53,705 - INFO - 损失曲线保存至：./stock_training_results\loss_curves\loss_curve_stockCount_10_Attention-LSTM_pytorch.png
2025-12-29 17:12:54,205 - INFO - 序列构造完成：总样本数1587，序列长度60，特征数9
2025-12-29 17:12:54,906 - INFO - 序列构造完成：总样本数1702，序列长度60，特征数9
2025-12-29 17:12:56,080 - INFO - 序列构造完成：总样本数3122，序列长度60，特征数9
2025-12-29 17:12:56,393 - INFO - 序列构造完成：总样本数311，序列长度60，特征数9
2025-12-29 17:12:57,338 - INFO - 序列构造完成：总样本数2574，序列长度60，特征数9
2025-12-29 17:12:57,598 - INFO - 序列构造完成：总样本数222，序列长度60，特征数9
2025-12-29 17:12:58,058 - INFO - 序列构造完成：总样本数1124，序列长度60，特征数9
2025-12-29 17:12:58,575 - INFO - 序列构造完成：总样本数1278，序列长度60，特征数9
2025-12-29 17:12:59,030 - INFO - 序列构造完成：总样本数1054，序列长度60，特征数9
2025-12-29 17:13:00,202 - INFO - 序列构造完成：总样本数3132，序列长度60，特征数9
2025-12-29 17:13:01,415 - INFO - 序列构造完成：总样本数3132，序列长度60，特征数9
2025-12-29 17:13:01,802 - INFO - 序列构造完成：总样本数600，序列长度60，特征数9
2025-12-29 17:13:02,969 - INFO - 序列构造完成：总样本数3132，序列长度60，特征数9
2025-12-29 17:13:03,369 - INFO - 序列构造完成：总样本数666，序列长度60，特征数9
2025-12-29 17:13:07,371 - INFO - 序列构造完成：总样本数8973，序列长度60，特征数9
2025-12-29 17:13:09,087 - INFO - 序列构造完成：总样本数3129，序列长度60，特征数9
2025-12-29 17:13:10,311 - INFO - 序列构造完成：总样本数3132，序列长度60，特征数9
2025-12-29 17:13:11,549 - INFO - 序列构造完成：总样本数3132，序列长度60，特征数9
2025-12-29 17:13:12,093 - INFO - 序列构造完成：总样本数1169，序列长度60，特征数9
2025-12-29 17:13:13,247 - INFO - 序列构造完成：总样本数3112，序列长度60，特征数9
2025-12-29 17:13:13,821 - INFO - 序列构造完成：总样本数1263，序列长度60，特征数9
2025-12-29 17:13:14,474 - INFO - 序列构造完成：总样本数1743，序列长度60，特征数9
2025-12-29 17:13:14,833 - INFO - 序列构造完成：总样本数690，序列长度60，特征数9
2025-12-29 17:13:16,002 - INFO - 序列构造完成：总样本数3132，序列长度60，特征数9
2025-12-29 17:13:16,512 - INFO - 序列构造完成：总样本数1078，序列长度60，特征数9
2025-12-29 17:13:16,655 - INFO - 股票数量=10 - LSTM 泛化能力评估（平均）：
2025-12-29 17:13:16,656 - INFO - MAE=5.69, MSE=557.13, RMSE=6.59, R2=0.8532
2025-12-29 17:13:17,117 - INFO - 序列构造完成：总样本数1587，序列长度60，特征数9
2025-12-29 17:13:17,801 - INFO - 序列构造完成：总样本数1702，序列长度60，特征数9
2025-12-29 17:13:18,992 - INFO - 序列构造完成：总样本数3122，序列长度60，特征数9
2025-12-29 17:13:19,351 - INFO - 序列构造完成：总样本数311，序列长度60，特征数9
2025-12-29 17:13:20,303 - INFO - 序列构造完成：总样本数2574，序列长度60，特征数9
2025-12-29 17:13:20,613 - INFO - 序列构造完成：总样本数222，序列长度60，特征数9
2025-12-29 17:13:21,081 - INFO - 序列构造完成：总样本数1124，序列长度60，特征数9
2025-12-29 17:13:21,628 - INFO - 序列构造完成：总样本数1278，序列长度60，特征数9
2025-12-29 17:13:22,103 - INFO - 序列构造完成：总样本数1054，序列长度60，特征数9
2025-12-29 17:13:23,284 - INFO - 序列构造完成：总样本数3132，序列长度60，特征数9
2025-12-29 17:13:24,552 - INFO - 序列构造完成：总样本数3132，序列长度60，特征数9
2025-12-29 17:13:24,994 - INFO - 序列构造完成：总样本数600，序列长度60，特征数9
2025-12-29 17:13:26,160 - INFO - 序列构造完成：总样本数3132，序列长度60，特征数9
2025-12-29 17:13:26,622 - INFO - 序列构造完成：总样本数666，序列长度60，特征数9
2025-12-29 17:13:30,828 - INFO - 序列构造完成：总样本数8973，序列长度60，特征数9
2025-12-29 17:13:32,743 - INFO - 序列构造完成：总样本数3129，序列长度60，特征数9
2025-12-29 17:13:34,095 - INFO - 序列构造完成：总样本数3132，序列长度60，特征数9
2025-12-29 17:13:35,380 - INFO - 序列构造完成：总样本数3132，序列长度60，特征数9
2025-12-29 17:13:35,983 - INFO - 序列构造完成：总样本数1169，序列长度60，特征数9
2025-12-29 17:13:37,147 - INFO - 序列构造完成：总样本数3112，序列长度60，特征数9
2025-12-29 17:13:37,784 - INFO - 序列构造完成：总样本数1263，序列长度60，特征数9
2025-12-29 17:13:38,463 - INFO - 序列构造完成：总样本数1743，序列长度60，特征数9
2025-12-29 17:13:38,859 - INFO - 序列构造完成：总样本数690，序列长度60，特征数9
2025-12-29 17:13:40,042 - INFO - 序列构造完成：总样本数3132，序列长度60，特征数9
2025-12-29 17:13:40,615 - INFO - 序列构造完成：总样本数1078，序列长度60，特征数9
2025-12-29 17:13:40,790 - INFO - 股票数量=10 - GRU 泛化能力评估（平均）：
2025-12-29 17:13:40,790 - INFO - MAE=2.96, MSE=172.20, RMSE=3.79, R2=0.9365
2025-12-29 17:13:41,252 - INFO - 序列构造完成：总样本数1587，序列长度60，特征数9
2025-12-29 17:13:41,902 - INFO - 序列构造完成：总样本数1702，序列长度60，特征数9
2025-12-29 17:13:43,056 - INFO - 序列构造完成：总样本数3122，序列长度60，特征数9
2025-12-29 17:13:43,356 - INFO - 序列构造完成：总样本数311，序列长度60，特征数9
2025-12-29 17:13:44,301 - INFO - 序列构造完成：总样本数2574，序列长度60，特征数9
2025-12-29 17:13:44,547 - INFO - 序列构造完成：总样本数222，序列长度60，特征数9
2025-12-29 17:13:45,006 - INFO - 序列构造完成：总样本数1124，序列长度60，特征数9
2025-12-29 17:13:45,520 - INFO - 序列构造完成：总样本数1278，序列长度60，特征数9
2025-12-29 17:13:45,979 - INFO - 序列构造完成：总样本数1054，序列长度60，特征数9
2025-12-29 17:13:47,130 - INFO - 序列构造完成：总样本数3132，序列长度60，特征数9
2025-12-29 17:13:48,339 - INFO - 序列构造完成：总样本数3132，序列长度60，特征数9
2025-12-29 17:13:48,711 - INFO - 序列构造完成：总样本数600，序列长度60，特征数9
2025-12-29 17:13:49,858 - INFO - 序列构造完成：总样本数3132，序列长度60，特征数9
2025-12-29 17:13:50,246 - INFO - 序列构造完成：总样本数666，序列长度60，特征数9
2025-12-29 17:13:54,224 - INFO - 序列构造完成：总样本数8973，序列长度60，特征数9
2025-12-29 17:13:55,894 - INFO - 序列构造完成：总样本数3129，序列长度60，特征数9
2025-12-29 17:13:57,133 - INFO - 序列构造完成：总样本数3132，序列长度60，特征数9
2025-12-29 17:13:58,375 - INFO - 序列构造完成：总样本数3132，序列长度60，特征数9
2025-12-29 17:13:58,920 - INFO - 序列构造完成：总样本数1169，序列长度60，特征数9
2025-12-29 17:14:00,065 - INFO - 序列构造完成：总样本数3112，序列长度60，特征数9
2025-12-29 17:14:00,735 - INFO - 序列构造完成：总样本数1263，序列长度60，特征数9
2025-12-29 17:14:01,401 - INFO - 序列构造完成：总样本数1743，序列长度60，特征数9
2025-12-29 17:14:01,769 - INFO - 序列构造完成：总样本数690，序列长度60，特征数9
2025-12-29 17:14:02,929 - INFO - 序列构造完成：总样本数3132，序列长度60，特征数9
2025-12-29 17:14:03,430 - INFO - 序列构造完成：总样本数1078，序列长度60，特征数9
2025-12-29 17:14:03,570 - INFO - 股票数量=10 - CNN-LSTM 泛化能力评估（平均）：
2025-12-29 17:14:03,570 - INFO - MAE=3.37, MSE=211.05, RMSE=3.83, R2=0.9584
2025-12-29 17:14:04,031 - INFO - 序列构造完成：总样本数1587，序列长度60，特征数9
2025-12-29 17:14:04,753 - INFO - 序列构造完成：总样本数1702，序列长度60，特征数9
2025-12-29 17:14:05,991 - INFO - 序列构造完成：总样本数3122，序列长度60，特征数9
2025-12-29 17:14:06,373 - INFO - 序列构造完成：总样本数311，序列长度60，特征数9
2025-12-29 17:14:07,345 - INFO - 序列构造完成：总样本数2574，序列长度60，特征数9
2025-12-29 17:14:07,675 - INFO - 序列构造完成：总样本数222，序列长度60，特征数9
2025-12-29 17:14:08,141 - INFO - 序列构造完成：总样本数1124，序列长度60，特征数9
2025-12-29 17:14:08,695 - INFO - 序列构造完成：总样本数1278，序列长度60，特征数9
2025-12-29 17:14:09,199 - INFO - 序列构造完成：总样本数1054，序列长度60，特征数9
2025-12-29 17:14:10,397 - INFO - 序列构造完成：总样本数3132，序列长度60，特征数9
2025-12-29 17:14:11,724 - INFO - 序列构造完成：总样本数3132，序列长度60，特征数9
2025-12-29 17:14:12,208 - INFO - 序列构造完成：总样本数600，序列长度60，特征数9
2025-12-29 17:14:13,376 - INFO - 序列构造完成：总样本数3132，序列长度60，特征数9
2025-12-29 17:14:13,856 - INFO - 序列构造完成：总样本数666，序列长度60，特征数9
2025-12-29 17:14:17,850 - INFO - 序列构造完成：总样本数8973，序列长度60，特征数9
2025-12-29 17:14:19,792 - INFO - 序列构造完成：总样本数3129，序列长度60，特征数9
2025-12-29 17:14:21,149 - INFO - 序列构造完成：总样本数3132，序列长度60，特征数9
2025-12-29 17:14:22,473 - INFO - 序列构造完成：总样本数3132，序列长度60，特征数9
2025-12-29 17:14:23,090 - INFO - 序列构造完成：总样本数1169，序列长度60，特征数9
2025-12-29 17:14:24,345 - INFO - 序列构造完成：总样本数3112，序列长度60，特征数9
2025-12-29 17:14:25,035 - INFO - 序列构造完成：总样本数1263，序列长度60，特征数9
2025-12-29 17:14:25,768 - INFO - 序列构造完成：总样本数1743，序列长度60，特征数9
2025-12-29 17:14:26,167 - INFO - 序列构造完成：总样本数690，序列长度60，特征数9
2025-12-29 17:14:27,382 - INFO - 序列构造完成：总样本数3132，序列长度60，特征数9
2025-12-29 17:14:27,976 - INFO - 序列构造完成：总样本数1078，序列长度60，特征数9
2025-12-29 17:14:28,166 - INFO - 股票数量=10 - Attention-LSTM 泛化能力评估（平均）：
2025-12-29 17:14:28,166 - INFO - MAE=5.60, MSE=701.28, RMSE=7.92, R2=0.6305
2025-12-29 17:14:28,167 - INFO - 股票数量10：所有模型评估完成，结果已保存
2025-12-29 17:14:28,167 - INFO - 
=====================================
2025-12-29 17:14:28,167 - INFO - 开始处理股票数量：50
2025-12-29 17:14:28,167 - INFO - =====================================

2025-12-29 17:14:28,170 - INFO - 总股票文件数：7195
2025-12-29 17:14:28,170 - INFO - 开始收集25只有效预留测试股票...
2025-12-29 17:14:28,356 - INFO - 预留测试股票收集进度：5/25
2025-12-29 17:14:28,523 - INFO - 预留测试股票收集进度：10/25
2025-12-29 17:14:28,688 - INFO - 预留测试股票收集进度：15/25
2025-12-29 17:14:28,815 - INFO - 预留测试股票收集进度：20/25
2025-12-29 17:14:28,933 - INFO - 预留测试股票收集进度：25/25
2025-12-29 17:14:28,933 - INFO - 预留测试股票收集完成：共25只有效股票（目标25只）
2025-12-29 17:14:28,933 - INFO - 预留测试股票数量达标！
2025-12-29 17:14:28,935 - INFO - 可用于训练的股票文件数：7170，开始遍历收集50只有效训练股票...
2025-12-29 17:14:29,213 - INFO - 训练股票收集进度：10/50
2025-12-29 17:14:29,727 - INFO - 训练股票收集进度：20/50
2025-12-29 17:14:30,129 - INFO - 训练股票收集进度：30/50
2025-12-29 17:14:30,422 - INFO - 训练股票收集进度：40/50
2025-12-29 17:14:30,995 - INFO - 训练股票收集进度：50/50
2025-12-29 17:14:30,995 - INFO - 训练股票收集完成：成功获取50只有效训练股票（目标50只）
2025-12-29 17:15:33,642 - INFO - 序列构造完成：总样本数124024，序列长度60，特征数9
2025-12-29 17:15:33,748 - INFO - 数据集划分：训练集(99219, 60, 9)，验证集(12402, 60, 9)，内部测试集(12403, 60, 9)
2025-12-29 17:15:35,354 - INFO - 当前模型训练日志将保存至：./stock_training_results\logs\training_log_stockCount_50_LSTM_pytorch.csv
2025-12-29 17:15:35,488 - INFO - 开始训练LSTM模型（股票数量：50，设备：cpu）
2025-12-29 17:16:36,412 - INFO - EarlyStopping counter: 1 out of 5
2025-12-29 17:17:04,892 - INFO - EarlyStopping counter: 2 out of 5
2025-12-29 17:17:33,716 - INFO - EarlyStopping counter: 3 out of 5
2025-12-29 17:18:01,821 - INFO - Epoch [5/50], Train Loss: 0.000740, Val Loss: 0.005903
2025-12-29 17:18:01,821 - INFO - EarlyStopping counter: 4 out of 5
2025-12-29 17:18:29,833 - INFO - EarlyStopping counter: 5 out of 5
2025-12-29 17:18:29,833 - INFO - Restored best model weights from early stopping
2025-12-29 17:18:29,833 - INFO - Early stopping triggered at epoch 6
2025-12-29 17:18:29,835 - INFO - 模型权重保存至：./stock_training_results\models\model_stockCount_50_LSTM_pytorch.pth
2025-12-29 17:18:29,978 - INFO - 损失曲线保存至：./stock_training_results\loss_curves\loss_curve_stockCount_50_LSTM_pytorch.png
2025-12-29 17:18:30,122 - INFO - 当前模型训练日志将保存至：./stock_training_results\logs\training_log_stockCount_50_GRU_pytorch.csv
2025-12-29 17:18:30,122 - INFO - 开始训练GRU模型（股票数量：50，设备：cpu）
2025-12-29 17:22:27,249 - INFO - EarlyStopping counter: 1 out of 5
2025-12-29 17:25:04,902 - INFO - Epoch [5/50], Train Loss: 0.000907, Val Loss: 0.002611
2025-12-29 17:29:00,951 - INFO - EarlyStopping counter: 1 out of 5
2025-12-29 17:30:19,593 - INFO - EarlyStopping counter: 2 out of 5
2025-12-29 17:31:37,988 - INFO - Epoch [10/50], Train Loss: 0.000703, Val Loss: 0.003011
2025-12-29 17:31:37,988 - INFO - EarlyStopping counter: 3 out of 5
2025-12-29 17:32:56,726 - INFO - EarlyStopping counter: 4 out of 5
2025-12-29 17:34:15,034 - INFO - EarlyStopping counter: 5 out of 5
2025-12-29 17:34:15,034 - INFO - Restored best model weights from early stopping
2025-12-29 17:34:15,034 - INFO - Early stopping triggered at epoch 12
2025-12-29 17:34:15,035 - INFO - 模型权重保存至：./stock_training_results\models\model_stockCount_50_GRU_pytorch.pth
2025-12-29 17:34:15,172 - INFO - 损失曲线保存至：./stock_training_results\loss_curves\loss_curve_stockCount_50_GRU_pytorch.png
2025-12-29 17:34:15,204 - INFO - 当前模型训练日志将保存至：./stock_training_results\logs\training_log_stockCount_50_CNN-LSTM_pytorch.csv
2025-12-29 17:34:15,204 - INFO - 开始训练CNN-LSTM模型（股票数量：50，设备：cpu）
2025-12-29 17:34:59,822 - INFO - EarlyStopping counter: 1 out of 5
2025-12-29 17:35:14,601 - INFO - EarlyStopping counter: 2 out of 5
2025-12-29 17:35:29,490 - INFO - Epoch [5/50], Train Loss: 0.000655, Val Loss: 0.000979
2025-12-29 17:35:29,490 - INFO - EarlyStopping counter: 3 out of 5
2025-12-29 17:35:44,433 - INFO - EarlyStopping counter: 4 out of 5
2025-12-29 17:35:59,373 - INFO - EarlyStopping counter: 5 out of 5
2025-12-29 17:35:59,374 - INFO - Restored best model weights from early stopping
2025-12-29 17:35:59,374 - INFO - Early stopping triggered at epoch 7
2025-12-29 17:35:59,375 - INFO - 模型权重保存至：./stock_training_results\models\model_stockCount_50_CNN-LSTM_pytorch.pth
2025-12-29 17:35:59,512 - INFO - 损失曲线保存至：./stock_training_results\loss_curves\loss_curve_stockCount_50_CNN-LSTM_pytorch.png
2025-12-29 17:35:59,543 - INFO - 当前模型训练日志将保存至：./stock_training_results\logs\training_log_stockCount_50_Attention-LSTM_pytorch.csv
2025-12-29 17:35:59,543 - INFO - 开始训练Attention-LSTM模型（股票数量：50，设备：cpu）
2025-12-29 17:37:32,178 - INFO - EarlyStopping counter: 1 out of 5
2025-12-29 18:14:02,294 - INFO - Epoch [5/50], Train Loss: 0.002120, Val Loss: 0.002384
2025-12-29 18:14:33,872 - INFO - EarlyStopping counter: 1 out of 5
2025-12-29 18:15:08,498 - INFO - EarlyStopping counter: 2 out of 5
2025-12-29 18:15:41,522 - INFO - EarlyStopping counter: 3 out of 5
2025-12-29 18:16:52,882 - INFO - Epoch [10/50], Train Loss: 0.000656, Val Loss: 0.003066
2025-12-29 18:16:52,882 - INFO - EarlyStopping counter: 1 out of 5
2025-12-29 18:17:25,593 - INFO - EarlyStopping counter: 2 out of 5
2025-12-29 18:17:58,714 - INFO - EarlyStopping counter: 3 out of 5
2025-12-29 18:18:32,824 - INFO - EarlyStopping counter: 4 out of 5
2025-12-29 18:19:05,659 - INFO - EarlyStopping counter: 5 out of 5
2025-12-29 18:19:05,660 - INFO - Restored best model weights from early stopping
2025-12-29 18:19:05,660 - INFO - Early stopping triggered at epoch 14
2025-12-29 18:19:05,661 - INFO - 模型权重保存至：./stock_training_results\models\model_stockCount_50_Attention-LSTM_pytorch.pth
2025-12-29 18:19:05,839 - INFO - 损失曲线保存至：./stock_training_results\loss_curves\loss_curve_stockCount_50_Attention-LSTM_pytorch.png
2025-12-29 18:19:06,354 - INFO - 序列构造完成：总样本数1587，序列长度60，特征数9
2025-12-29 18:19:07,026 - INFO - 序列构造完成：总样本数1702，序列长度60，特征数9
2025-12-29 18:19:08,205 - INFO - 序列构造完成：总样本数3122，序列长度60，特征数9
2025-12-29 18:19:08,517 - INFO - 序列构造完成：总样本数311，序列长度60，特征数9
2025-12-29 18:19:09,457 - INFO - 序列构造完成：总样本数2574，序列长度60，特征数9
2025-12-29 18:19:09,827 - INFO - 序列构造完成：总样本数222，序列长度60，特征数9
2025-12-29 18:19:10,300 - INFO - 序列构造完成：总样本数1124，序列长度60，特征数9
2025-12-29 18:19:10,815 - INFO - 序列构造完成：总样本数1278，序列长度60，特征数9
2025-12-29 18:19:11,278 - INFO - 序列构造完成：总样本数1054，序列长度60，特征数9
2025-12-29 18:19:12,437 - INFO - 序列构造完成：总样本数3132，序列长度60，特征数9
2025-12-29 18:19:13,654 - INFO - 序列构造完成：总样本数3132，序列长度60，特征数9
2025-12-29 18:19:14,038 - INFO - 序列构造完成：总样本数600，序列长度60，特征数9
2025-12-29 18:19:15,186 - INFO - 序列构造完成：总样本数3132，序列长度60，特征数9
2025-12-29 18:19:15,614 - INFO - 序列构造完成：总样本数666，序列长度60，特征数9
2025-12-29 18:19:19,844 - INFO - 序列构造完成：总样本数8973，序列长度60，特征数9
2025-12-29 18:19:21,647 - INFO - 序列构造完成：总样本数3129，序列长度60，特征数9
2025-12-29 18:19:22,935 - INFO - 序列构造完成：总样本数3132，序列长度60，特征数9
2025-12-29 18:19:24,177 - INFO - 序列构造完成：总样本数3132，序列长度60，特征数9
2025-12-29 18:19:24,729 - INFO - 序列构造完成：总样本数1169，序列长度60，特征数9
2025-12-29 18:19:25,903 - INFO - 序列构造完成：总样本数3112，序列长度60，特征数9
2025-12-29 18:19:26,477 - INFO - 序列构造完成：总样本数1263，序列长度60，特征数9
2025-12-29 18:19:27,158 - INFO - 序列构造完成：总样本数1743，序列长度60，特征数9
2025-12-29 18:19:27,529 - INFO - 序列构造完成：总样本数690，序列长度60，特征数9
2025-12-29 18:19:28,710 - INFO - 序列构造完成：总样本数3132，序列长度60，特征数9
2025-12-29 18:19:29,232 - INFO - 序列构造完成：总样本数1078，序列长度60，特征数9
2025-12-29 18:19:29,371 - INFO - 股票数量=50 - LSTM 泛化能力评估（平均）：
2025-12-29 18:19:29,384 - INFO - MAE=4.44, MSE=360.64, RMSE=5.29, R2=0.9141
2025-12-29 18:19:29,842 - INFO - 序列构造完成：总样本数1587，序列长度60，特征数9
2025-12-29 18:19:30,570 - INFO - 序列构造完成：总样本数1702，序列长度60，特征数9
2025-12-29 18:19:31,807 - INFO - 序列构造完成：总样本数3122，序列长度60，特征数9
2025-12-29 18:19:32,172 - INFO - 序列构造完成：总样本数311，序列长度60，特征数9
2025-12-29 18:19:33,148 - INFO - 序列构造完成：总样本数2574，序列长度60，特征数9
2025-12-29 18:19:33,454 - INFO - 序列构造完成：总样本数222，序列长度60，特征数9
2025-12-29 18:19:33,952 - INFO - 序列构造完成：总样本数1124，序列长度60，特征数9
2025-12-29 18:19:34,502 - INFO - 序列构造完成：总样本数1278，序列长度60，特征数9
2025-12-29 18:19:34,985 - INFO - 序列构造完成：总样本数1054，序列长度60，特征数9
2025-12-29 18:19:36,182 - INFO - 序列构造完成：总样本数3132，序列长度60，特征数9
2025-12-29 18:19:37,494 - INFO - 序列构造完成：总样本数3132，序列长度60，特征数9
2025-12-29 18:19:37,939 - INFO - 序列构造完成：总样本数600，序列长度60，特征数9
2025-12-29 18:19:39,124 - INFO - 序列构造完成：总样本数3132，序列长度60，特征数9
2025-12-29 18:19:39,719 - INFO - 序列构造完成：总样本数666，序列长度60，特征数9
2025-12-29 18:19:43,867 - INFO - 序列构造完成：总样本数8973，序列长度60，特征数9
2025-12-29 18:19:47,015 - INFO - 序列构造完成：总样本数3129，序列长度60，特征数9
2025-12-29 18:19:48,308 - INFO - 序列构造完成：总样本数3132，序列长度60，特征数9
2025-12-29 18:19:49,601 - INFO - 序列构造完成：总样本数3132，序列长度60，特征数9
2025-12-29 18:19:50,250 - INFO - 序列构造完成：总样本数1169，序列长度60，特征数9
2025-12-29 18:19:51,433 - INFO - 序列构造完成：总样本数3112，序列长度60，特征数9
2025-12-29 18:19:52,068 - INFO - 序列构造完成：总样本数1263，序列长度60，特征数9
2025-12-29 18:19:52,762 - INFO - 序列构造完成：总样本数1743，序列长度60，特征数9
2025-12-29 18:19:53,182 - INFO - 序列构造完成：总样本数690，序列长度60，特征数9
2025-12-29 18:19:54,369 - INFO - 序列构造完成：总样本数3132，序列长度60，特征数9
2025-12-29 18:19:54,952 - INFO - 序列构造完成：总样本数1078，序列长度60，特征数9
2025-12-29 18:19:55,118 - INFO - 股票数量=50 - GRU 泛化能力评估（平均）：
2025-12-29 18:19:55,119 - INFO - MAE=2.59, MSE=156.22, RMSE=3.40, R2=0.9688
2025-12-29 18:19:55,587 - INFO - 序列构造完成：总样本数1587，序列长度60，特征数9
2025-12-29 18:19:56,264 - INFO - 序列构造完成：总样本数1702，序列长度60，特征数9
2025-12-29 18:19:57,424 - INFO - 序列构造完成：总样本数3122，序列长度60，特征数9
2025-12-29 18:19:57,732 - INFO - 序列构造完成：总样本数311，序列长度60，特征数9
2025-12-29 18:19:58,746 - INFO - 序列构造完成：总样本数2574，序列长度60，特征数9
2025-12-29 18:19:59,031 - INFO - 序列构造完成：总样本数222，序列长度60，特征数9
2025-12-29 18:19:59,486 - INFO - 序列构造完成：总样本数1124，序列长度60，特征数9
2025-12-29 18:20:00,010 - INFO - 序列构造完成：总样本数1278，序列长度60，特征数9
2025-12-29 18:20:00,460 - INFO - 序列构造完成：总样本数1054，序列长度60，特征数9
2025-12-29 18:20:01,641 - INFO - 序列构造完成：总样本数3132，序列长度60，特征数9
2025-12-29 18:20:02,867 - INFO - 序列构造完成：总样本数3132，序列长度60，特征数9
2025-12-29 18:20:03,251 - INFO - 序列构造完成：总样本数600，序列长度60，特征数9
2025-12-29 18:20:04,412 - INFO - 序列构造完成：总样本数3132，序列长度60，特征数9
2025-12-29 18:20:04,833 - INFO - 序列构造完成：总样本数666，序列长度60，特征数9
2025-12-29 18:20:08,948 - INFO - 序列构造完成：总样本数8973，序列长度60，特征数9
2025-12-29 18:20:10,545 - INFO - 序列构造完成：总样本数3129，序列长度60，特征数9
2025-12-29 18:20:11,774 - INFO - 序列构造完成：总样本数3132，序列长度60，特征数9
2025-12-29 18:20:13,147 - INFO - 序列构造完成：总样本数3132，序列长度60，特征数9
2025-12-29 18:20:13,698 - INFO - 序列构造完成：总样本数1169，序列长度60，特征数9
2025-12-29 18:20:14,844 - INFO - 序列构造完成：总样本数3112，序列长度60，特征数9
2025-12-29 18:20:15,430 - INFO - 序列构造完成：总样本数1263，序列长度60，特征数9
2025-12-29 18:20:16,091 - INFO - 序列构造完成：总样本数1743，序列长度60，特征数9
2025-12-29 18:20:16,461 - INFO - 序列构造完成：总样本数690，序列长度60，特征数9
2025-12-29 18:20:17,622 - INFO - 序列构造完成：总样本数3132，序列长度60，特征数9
2025-12-29 18:20:18,148 - INFO - 序列构造完成：总样本数1078，序列长度60，特征数9
2025-12-29 18:20:18,290 - INFO - 股票数量=50 - CNN-LSTM 泛化能力评估（平均）：
2025-12-29 18:20:18,290 - INFO - MAE=1.97, MSE=75.24, RMSE=2.51, R2=0.9683
2025-12-29 18:20:18,758 - INFO - 序列构造完成：总样本数1587，序列长度60，特征数9
2025-12-29 18:20:19,454 - INFO - 序列构造完成：总样本数1702，序列长度60，特征数9
2025-12-29 18:20:20,652 - INFO - 序列构造完成：总样本数3122，序列长度60，特征数9
2025-12-29 18:20:21,038 - INFO - 序列构造完成：总样本数311，序列长度60，特征数9
2025-12-29 18:20:21,992 - INFO - 序列构造完成：总样本数2574，序列长度60，特征数9
2025-12-29 18:20:22,329 - INFO - 序列构造完成：总样本数222，序列长度60，特征数9
2025-12-29 18:20:22,807 - INFO - 序列构造完成：总样本数1124，序列长度60，特征数9
2025-12-29 18:20:23,411 - INFO - 序列构造完成：总样本数1278，序列长度60，特征数9
2025-12-29 18:20:23,925 - INFO - 序列构造完成：总样本数1054，序列长度60，特征数9
2025-12-29 18:20:25,220 - INFO - 序列构造完成：总样本数3132，序列长度60，特征数9
2025-12-29 18:20:26,606 - INFO - 序列构造完成：总样本数3132，序列长度60，特征数9
2025-12-29 18:20:27,065 - INFO - 序列构造完成：总样本数600，序列长度60，特征数9
2025-12-29 18:20:28,216 - INFO - 序列构造完成：总样本数3132，序列长度60，特征数9
2025-12-29 18:20:28,696 - INFO - 序列构造完成：总样本数666，序列长度60，特征数9
2025-12-29 18:20:32,782 - INFO - 序列构造完成：总样本数8973，序列长度60，特征数9
2025-12-29 18:20:34,640 - INFO - 序列构造完成：总样本数3129，序列长度60，特征数9
2025-12-29 18:20:35,928 - INFO - 序列构造完成：总样本数3132，序列长度60，特征数9
2025-12-29 18:20:37,222 - INFO - 序列构造完成：总样本数3132，序列长度60，特征数9
2025-12-29 18:20:37,880 - INFO - 序列构造完成：总样本数1169，序列长度60，特征数9
2025-12-29 18:20:39,156 - INFO - 序列构造完成：总样本数3112，序列长度60，特征数9
2025-12-29 18:20:39,816 - INFO - 序列构造完成：总样本数1263，序列长度60，特征数9
2025-12-29 18:20:40,514 - INFO - 序列构造完成：总样本数1743，序列长度60，特征数9
2025-12-29 18:20:40,914 - INFO - 序列构造完成：总样本数690，序列长度60，特征数9
2025-12-29 18:20:42,081 - INFO - 序列构造完成：总样本数3132，序列长度60，特征数9
2025-12-29 18:20:42,681 - INFO - 序列构造完成：总样本数1078，序列长度60，特征数9
2025-12-29 18:20:42,856 - INFO - 股票数量=50 - Attention-LSTM 泛化能力评估（平均）：
2025-12-29 18:20:42,856 - INFO - MAE=3.78, MSE=253.42, RMSE=4.53, R2=0.9255
2025-12-29 18:20:42,856 - INFO - 股票数量50：所有模型评估完成，结果已保存
2025-12-29 18:20:42,856 - INFO - 
=====================================
2025-12-29 18:20:42,856 - INFO - 开始处理股票数量：100
2025-12-29 18:20:42,856 - INFO - =====================================

2025-12-29 18:20:42,859 - INFO - 总股票文件数：7195
2025-12-29 18:20:42,859 - INFO - 开始收集25只有效预留测试股票...
2025-12-29 18:20:43,028 - INFO - 预留测试股票收集进度：5/25
2025-12-29 18:20:43,144 - INFO - 预留测试股票收集进度：10/25
2025-12-29 18:20:43,264 - INFO - 预留测试股票收集进度：15/25
2025-12-29 18:20:43,530 - INFO - 预留测试股票收集进度：20/25
2025-12-29 18:20:43,700 - INFO - 预留测试股票收集进度：25/25
2025-12-29 18:20:43,700 - INFO - 预留测试股票收集完成：共25只有效股票（目标25只）
2025-12-29 18:20:43,700 - INFO - 预留测试股票数量达标！
2025-12-29 18:20:43,703 - INFO - 可用于训练的股票文件数：7170，开始遍历收集100只有效训练股票...
2025-12-29 18:20:44,061 - INFO - 训练股票收集进度：10/100
2025-12-29 18:20:44,328 - INFO - 训练股票收集进度：20/100
2025-12-29 18:20:44,798 - INFO - 训练股票收集进度：30/100
2025-12-29 18:20:45,074 - INFO - 训练股票收集进度：40/100
2025-12-29 18:20:45,340 - INFO - 训练股票收集进度：50/100
2025-12-29 18:20:45,796 - INFO - 训练股票收集进度：60/100
2025-12-29 18:20:46,163 - INFO - 训练股票收集进度：70/100
2025-12-29 18:20:46,485 - INFO - 训练股票收集进度：80/100
2025-12-29 18:20:46,713 - INFO - 训练股票收集进度：90/100
2025-12-29 18:20:46,957 - INFO - 训练股票收集进度：100/100
2025-12-29 18:20:46,957 - INFO - 训练股票收集完成：成功获取100只有效训练股票（目标100只）
2025-12-29 18:22:21,288 - INFO - 序列构造完成：总样本数234534，序列长度60，特征数9
2025-12-29 18:22:21,617 - INFO - 数据集划分：训练集(187627, 60, 9)，验证集(23453, 60, 9)，内部测试集(23454, 60, 9)
2025-12-29 18:22:22,625 - INFO - 当前模型训练日志将保存至：./stock_training_results\logs\training_log_stockCount_100_LSTM_pytorch.csv
2025-12-29 18:22:22,642 - INFO - 开始训练LSTM模型（股票数量：100，设备：cpu）
2025-12-29 18:24:37,630 - INFO - EarlyStopping counter: 1 out of 5
2025-12-29 18:25:42,611 - INFO - EarlyStopping counter: 2 out of 5
2025-12-29 18:26:47,447 - INFO - EarlyStopping counter: 3 out of 5
2025-12-29 18:27:52,295 - INFO - Epoch [5/50], Train Loss: 0.000550, Val Loss: 0.010364
2025-12-29 18:27:52,295 - INFO - EarlyStopping counter: 4 out of 5
2025-12-29 18:28:57,085 - INFO - EarlyStopping counter: 5 out of 5
2025-12-29 18:28:57,086 - INFO - Restored best model weights from early stopping
2025-12-29 18:28:57,086 - INFO - Early stopping triggered at epoch 6
2025-12-29 18:28:57,140 - INFO - 模型权重保存至：./stock_training_results\models\model_stockCount_100_LSTM_pytorch.pth
2025-12-29 18:28:57,535 - INFO - 损失曲线保存至：./stock_training_results\loss_curves\loss_curve_stockCount_100_LSTM_pytorch.png
2025-12-29 18:28:57,615 - INFO - 当前模型训练日志将保存至：./stock_training_results\logs\training_log_stockCount_100_GRU_pytorch.csv
2025-12-29 18:28:57,615 - INFO - 开始训练GRU模型（股票数量：100，设备：cpu）
2025-12-29 18:34:04,483 - INFO - EarlyStopping counter: 1 out of 5
2025-12-29 18:36:36,057 - INFO - EarlyStopping counter: 2 out of 5
2025-12-29 18:39:07,973 - INFO - EarlyStopping counter: 3 out of 5
2025-12-29 18:41:38,588 - INFO - Epoch [5/50], Train Loss: 0.000566, Val Loss: 0.007410
2025-12-29 18:41:38,589 - INFO - EarlyStopping counter: 4 out of 5
2025-12-29 18:44:09,282 - INFO - EarlyStopping counter: 5 out of 5
2025-12-29 18:44:09,282 - INFO - Restored best model weights from early stopping
2025-12-29 18:44:09,282 - INFO - Early stopping triggered at epoch 6
2025-12-29 18:44:09,283 - INFO - 模型权重保存至：./stock_training_results\models\model_stockCount_100_GRU_pytorch.pth
2025-12-29 18:44:09,401 - INFO - 损失曲线保存至：./stock_training_results\loss_curves\loss_curve_stockCount_100_GRU_pytorch.png
2025-12-29 18:44:09,459 - INFO - 当前模型训练日志将保存至：./stock_training_results\logs\training_log_stockCount_100_CNN-LSTM_pytorch.csv
2025-12-29 18:44:09,459 - INFO - 开始训练CNN-LSTM模型（股票数量：100，设备：cpu）
2025-12-29 18:45:29,389 - INFO - EarlyStopping counter: 1 out of 5
2025-12-29 18:46:09,479 - INFO - EarlyStopping counter: 2 out of 5
2025-12-29 18:46:49,523 - INFO - EarlyStopping counter: 3 out of 5
2025-12-29 18:47:29,617 - INFO - Epoch [5/50], Train Loss: 0.000575, Val Loss: 0.002480
2025-12-29 18:47:29,617 - INFO - EarlyStopping counter: 4 out of 5
2025-12-29 18:48:09,543 - INFO - EarlyStopping counter: 5 out of 5
2025-12-29 18:48:09,544 - INFO - Restored best model weights from early stopping
2025-12-29 18:48:09,544 - INFO - Early stopping triggered at epoch 6
2025-12-29 18:48:09,559 - INFO - 模型权重保存至：./stock_training_results\models\model_stockCount_100_CNN-LSTM_pytorch.pth
2025-12-29 18:48:09,683 - INFO - 损失曲线保存至：./stock_training_results\loss_curves\loss_curve_stockCount_100_CNN-LSTM_pytorch.png
2025-12-29 18:48:09,744 - INFO - 当前模型训练日志将保存至：./stock_training_results\logs\training_log_stockCount_100_Attention-LSTM_pytorch.csv
2025-12-29 18:48:09,744 - INFO - 开始训练Attention-LSTM模型（股票数量：100，设备：cpu）
2025-12-29 18:52:17,513 - INFO - EarlyStopping counter: 1 out of 5
2025-12-29 18:55:03,105 - INFO - Epoch [5/50], Train Loss: 0.001192, Val Loss: 0.001355
2025-12-29 18:55:03,105 - INFO - EarlyStopping counter: 1 out of 5
2025-12-29 18:56:27,496 - INFO - EarlyStopping counter: 2 out of 5
2025-12-29 18:57:52,701 - INFO - EarlyStopping counter: 3 out of 5
2025-12-29 18:59:17,811 - INFO - EarlyStopping counter: 4 out of 5
2025-12-29 19:00:41,467 - INFO - EarlyStopping counter: 5 out of 5
2025-12-29 19:00:41,468 - INFO - Restored best model weights from early stopping
2025-12-29 19:00:41,468 - INFO - Early stopping triggered at epoch 9
2025-12-29 19:00:41,469 - INFO - 模型权重保存至：./stock_training_results\models\model_stockCount_100_Attention-LSTM_pytorch.pth
2025-12-29 19:00:41,623 - INFO - 损失曲线保存至：./stock_training_results\loss_curves\loss_curve_stockCount_100_Attention-LSTM_pytorch.png
2025-12-29 19:00:42,135 - INFO - 序列构造完成：总样本数1587，序列长度60，特征数9
2025-12-29 19:00:42,823 - INFO - 序列构造完成：总样本数1702，序列长度60，特征数9
2025-12-29 19:00:44,013 - INFO - 序列构造完成：总样本数3122，序列长度60，特征数9
2025-12-29 19:00:44,350 - INFO - 序列构造完成：总样本数311，序列长度60，特征数9
2025-12-29 19:00:45,325 - INFO - 序列构造完成：总样本数2574，序列长度60，特征数9
2025-12-29 19:00:45,579 - INFO - 序列构造完成：总样本数222，序列长度60，特征数9
2025-12-29 19:00:46,046 - INFO - 序列构造完成：总样本数1124，序列长度60，特征数9
2025-12-29 19:00:46,599 - INFO - 序列构造完成：总样本数1278，序列长度60，特征数9
2025-12-29 19:00:47,200 - INFO - 序列构造完成：总样本数1054，序列长度60，特征数9
2025-12-29 19:00:48,359 - INFO - 序列构造完成：总样本数3132，序列长度60，特征数9
2025-12-29 19:00:49,572 - INFO - 序列构造完成：总样本数3132，序列长度60，特征数9
2025-12-29 19:00:49,968 - INFO - 序列构造完成：总样本数600，序列长度60，特征数9
2025-12-29 19:00:51,125 - INFO - 序列构造完成：总样本数3132，序列长度60，特征数9
2025-12-29 19:00:51,558 - INFO - 序列构造完成：总样本数666，序列长度60，特征数9
2025-12-29 19:00:55,820 - INFO - 序列构造完成：总样本数8973，序列长度60，特征数9
2025-12-29 19:00:57,462 - INFO - 序列构造完成：总样本数3129，序列长度60，特征数9
2025-12-29 19:00:58,687 - INFO - 序列构造完成：总样本数3132，序列长度60，特征数9
2025-12-29 19:00:59,903 - INFO - 序列构造完成：总样本数3132，序列长度60，特征数9
2025-12-29 19:01:00,447 - INFO - 序列构造完成：总样本数1169，序列长度60，特征数9
2025-12-29 19:01:01,589 - INFO - 序列构造完成：总样本数3112，序列长度60，特征数9
2025-12-29 19:01:02,154 - INFO - 序列构造完成：总样本数1263，序列长度60，特征数9
2025-12-29 19:01:02,816 - INFO - 序列构造完成：总样本数1743，序列长度60，特征数9
2025-12-29 19:01:03,181 - INFO - 序列构造完成：总样本数690，序列长度60，特征数9
2025-12-29 19:01:04,348 - INFO - 序列构造完成：总样本数3132，序列长度60，特征数9
2025-12-29 19:01:04,997 - INFO - 序列构造完成：总样本数1078，序列长度60，特征数9
2025-12-29 19:01:05,144 - INFO - 股票数量=100 - LSTM 泛化能力评估（平均）：
2025-12-29 19:01:05,144 - INFO - MAE=5.07, MSE=646.07, RMSE=7.33, R2=0.7329
2025-12-29 19:01:05,621 - INFO - 序列构造完成：总样本数1587，序列长度60，特征数9
2025-12-29 19:01:06,322 - INFO - 序列构造完成：总样本数1702，序列长度60，特征数9
2025-12-29 19:01:07,535 - INFO - 序列构造完成：总样本数3122，序列长度60，特征数9
2025-12-29 19:01:07,895 - INFO - 序列构造完成：总样本数311，序列长度60，特征数9
2025-12-29 19:01:08,849 - INFO - 序列构造完成：总样本数2574，序列长度60，特征数9
2025-12-29 19:01:09,151 - INFO - 序列构造完成：总样本数222，序列长度60，特征数9
2025-12-29 19:01:09,625 - INFO - 序列构造完成：总样本数1124，序列长度60，特征数9
2025-12-29 19:01:10,165 - INFO - 序列构造完成：总样本数1278，序列长度60，特征数9
2025-12-29 19:01:10,635 - INFO - 序列构造完成：总样本数1054，序列长度60，特征数9
2025-12-29 19:01:11,807 - INFO - 序列构造完成：总样本数3132，序列长度60，特征数9
2025-12-29 19:01:13,073 - INFO - 序列构造完成：总样本数3132，序列长度60，特征数9
2025-12-29 19:01:13,526 - INFO - 序列构造完成：总样本数600，序列长度60，特征数9
2025-12-29 19:01:14,697 - INFO - 序列构造完成：总样本数3132，序列长度60，特征数9
2025-12-29 19:01:15,150 - INFO - 序列构造完成：总样本数666，序列长度60，特征数9
2025-12-29 19:01:19,218 - INFO - 序列构造完成：总样本数8973，序列长度60，特征数9
2025-12-29 19:01:21,151 - INFO - 序列构造完成：总样本数3129，序列长度60，特征数9
2025-12-29 19:01:22,419 - INFO - 序列构造完成：总样本数3132，序列长度60，特征数9
2025-12-29 19:01:23,696 - INFO - 序列构造完成：总样本数3132，序列长度60，特征数9
2025-12-29 19:01:24,303 - INFO - 序列构造完成：总样本数1169，序列长度60，特征数9
2025-12-29 19:01:25,470 - INFO - 序列构造完成：总样本数3112，序列长度60，特征数9
2025-12-29 19:01:26,096 - INFO - 序列构造完成：总样本数1263，序列长度60，特征数9
2025-12-29 19:01:26,788 - INFO - 序列构造完成：总样本数1743，序列长度60，特征数9
2025-12-29 19:01:27,285 - INFO - 序列构造完成：总样本数690，序列长度60，特征数9
2025-12-29 19:01:28,477 - INFO - 序列构造完成：总样本数3132，序列长度60，特征数9
2025-12-29 19:01:29,065 - INFO - 序列构造完成：总样本数1078，序列长度60，特征数9
2025-12-29 19:01:29,256 - INFO - 股票数量=100 - GRU 泛化能力评估（平均）：
2025-12-29 19:01:29,257 - INFO - MAE=4.36, MSE=493.19, RMSE=6.41, R2=0.7905
2025-12-29 19:01:29,757 - INFO - 序列构造完成：总样本数1587，序列长度60，特征数9
2025-12-29 19:01:30,422 - INFO - 序列构造完成：总样本数1702，序列长度60，特征数9
2025-12-29 19:01:31,590 - INFO - 序列构造完成：总样本数3122，序列长度60，特征数9
2025-12-29 19:01:31,897 - INFO - 序列构造完成：总样本数311，序列长度60，特征数9
2025-12-29 19:01:32,836 - INFO - 序列构造完成：总样本数2574，序列长度60，特征数9
2025-12-29 19:01:33,097 - INFO - 序列构造完成：总样本数222，序列长度60，特征数9
2025-12-29 19:01:33,556 - INFO - 序列构造完成：总样本数1124，序列长度60，特征数9
2025-12-29 19:01:34,074 - INFO - 序列构造完成：总样本数1278，序列长度60，特征数9
2025-12-29 19:01:34,527 - INFO - 序列构造完成：总样本数1054，序列长度60，特征数9
2025-12-29 19:01:35,675 - INFO - 序列构造完成：总样本数3132，序列长度60，特征数9
2025-12-29 19:01:36,877 - INFO - 序列构造完成：总样本数3132，序列长度60，特征数9
2025-12-29 19:01:37,255 - INFO - 序列构造完成：总样本数600，序列长度60，特征数9
2025-12-29 19:01:38,403 - INFO - 序列构造完成：总样本数3132，序列长度60，特征数9
2025-12-29 19:01:38,802 - INFO - 序列构造完成：总样本数666，序列长度60，特征数9
2025-12-29 19:01:42,824 - INFO - 序列构造完成：总样本数8973，序列长度60，特征数9
2025-12-29 19:01:44,518 - INFO - 序列构造完成：总样本数3129，序列长度60，特征数9
2025-12-29 19:01:45,725 - INFO - 序列构造完成：总样本数3132，序列长度60，特征数9
2025-12-29 19:01:46,940 - INFO - 序列构造完成：总样本数3132，序列长度60，特征数9
2025-12-29 19:01:47,473 - INFO - 序列构造完成：总样本数1169，序列长度60，特征数9
2025-12-29 19:01:48,612 - INFO - 序列构造完成：总样本数3112，序列长度60，特征数9
2025-12-29 19:01:49,175 - INFO - 序列构造完成：总样本数1263，序列长度60，特征数9
2025-12-29 19:01:49,853 - INFO - 序列构造完成：总样本数1743，序列长度60，特征数9
2025-12-29 19:01:50,217 - INFO - 序列构造完成：总样本数690，序列长度60，特征数9
2025-12-29 19:01:51,370 - INFO - 序列构造完成：总样本数3132，序列长度60，特征数9
2025-12-29 19:01:51,875 - INFO - 序列构造完成：总样本数1078，序列长度60，特征数9
2025-12-29 19:01:52,041 - INFO - 股票数量=100 - CNN-LSTM 泛化能力评估（平均）：
2025-12-29 19:01:52,041 - INFO - MAE=2.38, MSE=148.17, RMSE=3.52, R2=0.9354
2025-12-29 19:01:52,500 - INFO - 序列构造完成：总样本数1587，序列长度60，特征数9
2025-12-29 19:01:53,360 - INFO - 序列构造完成：总样本数1702，序列长度60，特征数9
2025-12-29 19:01:54,609 - INFO - 序列构造完成：总样本数3122，序列长度60，特征数9
2025-12-29 19:01:54,992 - INFO - 序列构造完成：总样本数311，序列长度60，特征数9
2025-12-29 19:01:55,949 - INFO - 序列构造完成：总样本数2574，序列长度60，特征数9
2025-12-29 19:01:56,277 - INFO - 序列构造完成：总样本数222，序列长度60，特征数9
2025-12-29 19:01:56,747 - INFO - 序列构造完成：总样本数1124，序列长度60，特征数9
2025-12-29 19:01:57,294 - INFO - 序列构造完成：总样本数1278，序列长度60，特征数9
2025-12-29 19:01:57,773 - INFO - 序列构造完成：总样本数1054，序列长度60，特征数9
2025-12-29 19:01:58,966 - INFO - 序列构造完成：总样本数3132，序列长度60，特征数9
2025-12-29 19:02:00,277 - INFO - 序列构造完成：总样本数3132，序列长度60，特征数9
2025-12-29 19:02:00,735 - INFO - 序列构造完成：总样本数600，序列长度60，特征数9
2025-12-29 19:02:01,894 - INFO - 序列构造完成：总样本数3132，序列长度60，特征数9
2025-12-29 19:02:02,379 - INFO - 序列构造完成：总样本数666，序列长度60，特征数9
2025-12-29 19:02:06,414 - INFO - 序列构造完成：总样本数8973，序列长度60，特征数9
2025-12-29 19:02:08,376 - INFO - 序列构造完成：总样本数3129，序列长度60，特征数9
2025-12-29 19:02:09,669 - INFO - 序列构造完成：总样本数3132，序列长度60，特征数9
2025-12-29 19:02:10,982 - INFO - 序列构造完成：总样本数3132，序列长度60，特征数9
2025-12-29 19:02:11,605 - INFO - 序列构造完成：总样本数1169，序列长度60，特征数9
2025-12-29 19:02:12,771 - INFO - 序列构造完成：总样本数3112，序列长度60，特征数9
2025-12-29 19:02:13,421 - INFO - 序列构造完成：总样本数1263，序列长度60，特征数9
2025-12-29 19:02:14,124 - INFO - 序列构造完成：总样本数1743，序列长度60，特征数9
2025-12-29 19:02:14,528 - INFO - 序列构造完成：总样本数690，序列长度60，特征数9
2025-12-29 19:02:15,703 - INFO - 序列构造完成：总样本数3132，序列长度60，特征数9
2025-12-29 19:02:16,319 - INFO - 序列构造完成：总样本数1078，序列长度60，特征数9
2025-12-29 19:02:16,495 - INFO - 股票数量=100 - Attention-LSTM 泛化能力评估（平均）：
2025-12-29 19:02:16,495 - INFO - MAE=2.93, MSE=173.92, RMSE=3.71, R2=0.9495
2025-12-29 19:02:16,495 - INFO - 股票数量100：所有模型评估完成，结果已保存
2025-12-29 19:02:16,495 - INFO - 
=====================================
2025-12-29 19:02:16,495 - INFO - 开始处理股票数量：200
2025-12-29 19:02:16,495 - INFO - =====================================

2025-12-29 19:02:16,684 - INFO - 总股票文件数：7195
2025-12-29 19:02:16,684 - INFO - 开始收集25只有效预留测试股票...
2025-12-29 19:02:17,189 - INFO - 预留测试股票收集进度：5/25
2025-12-29 19:02:17,371 - INFO - 预留测试股票收集进度：10/25
2025-12-29 19:02:17,476 - ERROR - 加载预留测试股票srva.us失败：No columns to parse from file，继续遍历下一支
2025-12-29 19:02:17,500 - INFO - 预留测试股票收集进度：15/25
2025-12-29 19:02:17,709 - INFO - 预留测试股票收集进度：20/25
2025-12-29 19:02:17,908 - INFO - 预留测试股票收集进度：25/25
2025-12-29 19:02:17,908 - INFO - 预留测试股票收集完成：共25只有效股票（目标25只）
2025-12-29 19:02:17,908 - INFO - 预留测试股票数量达标！
2025-12-29 19:02:17,910 - INFO - 可用于训练的股票文件数：7170，开始遍历收集200只有效训练股票...
2025-12-29 19:02:17,915 - ERROR - 加载训练股票srva.us失败：No columns to parse from file，继续遍历下一支
2025-12-29 19:02:18,135 - INFO - 训练股票收集进度：10/200
2025-12-29 19:02:18,500 - INFO - 训练股票收集进度：20/200
2025-12-29 19:02:18,819 - INFO - 训练股票收集进度：30/200
2025-12-29 19:02:19,052 - INFO - 训练股票收集进度：40/200
2025-12-29 19:02:19,289 - INFO - 训练股票收集进度：50/200
2025-12-29 19:02:19,760 - INFO - 训练股票收集进度：60/200
2025-12-29 19:02:20,000 - INFO - 训练股票收集进度：70/200
2025-12-29 19:02:20,286 - INFO - 训练股票收集进度：80/200
2025-12-29 19:02:20,734 - INFO - 训练股票收集进度：90/200
2025-12-29 19:02:20,811 - ERROR - 加载训练股票amrh.us失败：No columns to parse from file，继续遍历下一支
2025-12-29 19:02:21,085 - INFO - 训练股票收集进度：100/200
2025-12-29 19:02:21,434 - INFO - 训练股票收集进度：110/200
2025-12-29 19:02:21,710 - INFO - 训练股票收集进度：120/200
2025-12-29 19:02:21,994 - INFO - 训练股票收集进度：130/200
2025-12-29 19:02:22,289 - INFO - 训练股票收集进度：140/200
2025-12-29 19:02:22,521 - INFO - 训练股票收集进度：150/200
2025-12-29 19:02:22,862 - INFO - 训练股票收集进度：160/200
2025-12-29 19:02:23,124 - INFO - 训练股票收集进度：170/200
2025-12-29 19:02:23,423 - INFO - 训练股票收集进度：180/200
2025-12-29 19:02:23,806 - INFO - 训练股票收集进度：190/200
2025-12-29 19:02:24,197 - INFO - 训练股票收集进度：200/200
2025-12-29 19:02:24,197 - INFO - 训练股票收集完成：成功获取200只有效训练股票（目标200只）
2025-12-29 19:04:42,137 - INFO - 序列构造完成：总样本数413341，序列长度60，特征数9
2025-12-29 19:04:42,362 - INFO - 数据集划分：训练集(330672, 60, 9)，验证集(41334, 60, 9)，内部测试集(41335, 60, 9)
2025-12-29 19:04:42,501 - INFO - 当前模型训练日志将保存至：./stock_training_results\logs\training_log_stockCount_200_LSTM_pytorch.csv
2025-12-29 19:04:42,501 - INFO - 开始训练LSTM模型（股票数量：200，设备：cpu）
2025-12-29 19:08:54,758 - INFO - EarlyStopping counter: 1 out of 5
2025-12-29 19:15:23,870 - INFO - Epoch [5/50], Train Loss: 0.000637, Val Loss: 0.002884
2025-12-29 19:15:23,870 - INFO - EarlyStopping counter: 1 out of 5
2025-12-29 19:17:31,769 - INFO - EarlyStopping counter: 2 out of 5
2025-12-29 19:19:41,946 - INFO - EarlyStopping counter: 3 out of 5
2025-12-29 19:21:52,361 - INFO - EarlyStopping counter: 4 out of 5
2025-12-29 19:24:00,378 - INFO - EarlyStopping counter: 5 out of 5
2025-12-29 19:24:00,379 - INFO - Restored best model weights from early stopping
2025-12-29 19:24:00,379 - INFO - Early stopping triggered at epoch 9
2025-12-29 19:24:00,380 - INFO - 模型权重保存至：./stock_training_results\models\model_stockCount_200_LSTM_pytorch.pth
2025-12-29 19:24:00,597 - INFO - 损失曲线保存至：./stock_training_results\loss_curves\loss_curve_stockCount_200_LSTM_pytorch.png
2025-12-29 19:24:00,715 - INFO - 当前模型训练日志将保存至：./stock_training_results\logs\training_log_stockCount_200_GRU_pytorch.csv
2025-12-29 19:24:00,715 - INFO - 开始训练GRU模型（股票数量：200，设备：cpu）
2025-12-29 19:42:47,507 - INFO - EarlyStopping counter: 1 out of 5
2025-12-29 19:47:19,723 - INFO - Epoch [5/50], Train Loss: 0.000571, Val Loss: 0.003144
2025-12-29 19:47:19,723 - INFO - EarlyStopping counter: 2 out of 5
2025-12-29 19:51:50,418 - INFO - EarlyStopping counter: 3 out of 5
2025-12-29 19:56:22,832 - INFO - EarlyStopping counter: 4 out of 5
2025-12-29 20:00:53,999 - INFO - EarlyStopping counter: 5 out of 5
2025-12-29 20:00:53,999 - INFO - Restored best model weights from early stopping
2025-12-29 20:00:53,999 - INFO - Early stopping triggered at epoch 8
2025-12-29 20:00:54,020 - INFO - 模型权重保存至：./stock_training_results\models\model_stockCount_200_GRU_pytorch.pth
2025-12-29 20:00:54,165 - INFO - 损失曲线保存至：./stock_training_results\loss_curves\loss_curve_stockCount_200_GRU_pytorch.png
2025-12-29 20:00:54,286 - INFO - 当前模型训练日志将保存至：./stock_training_results\logs\training_log_stockCount_200_CNN-LSTM_pytorch.csv
2025-12-29 20:00:54,286 - INFO - 开始训练CNN-LSTM模型（股票数量：200，设备：cpu）
2025-12-29 20:02:57,419 - INFO - EarlyStopping counter: 1 out of 5
2025-12-29 20:03:58,835 - INFO - EarlyStopping counter: 2 out of 5
2025-12-29 20:05:00,154 - INFO - EarlyStopping counter: 3 out of 5
2025-12-29 20:06:01,443 - INFO - Epoch [5/50], Train Loss: 0.000527, Val Loss: 0.003003
2025-12-29 20:06:01,443 - INFO - EarlyStopping counter: 4 out of 5
2025-12-29 20:08:06,027 - INFO - EarlyStopping counter: 1 out of 5
2025-12-29 20:11:12,630 - INFO - Epoch [10/50], Train Loss: 0.000452, Val Loss: 0.001366
2025-12-29 20:11:12,630 - INFO - EarlyStopping counter: 1 out of 5
2025-12-29 20:12:14,459 - INFO - EarlyStopping counter: 2 out of 5
2025-12-29 20:13:16,499 - INFO - EarlyStopping counter: 3 out of 5
2025-12-29 20:14:18,378 - INFO - EarlyStopping counter: 4 out of 5
2025-12-29 20:15:21,019 - INFO - EarlyStopping counter: 5 out of 5
2025-12-29 20:15:21,019 - INFO - Restored best model weights from early stopping
2025-12-29 20:15:21,019 - INFO - Early stopping triggered at epoch 14
2025-12-29 20:15:21,020 - INFO - 模型权重保存至：./stock_training_results\models\model_stockCount_200_CNN-LSTM_pytorch.pth
2025-12-29 20:15:21,181 - INFO - 损失曲线保存至：./stock_training_results\loss_curves\loss_curve_stockCount_200_CNN-LSTM_pytorch.png
2025-12-29 20:15:21,292 - INFO - 当前模型训练日志将保存至：./stock_training_results\logs\training_log_stockCount_200_Attention-LSTM_pytorch.csv
2025-12-29 20:15:21,293 - INFO - 开始训练Attention-LSTM模型（股票数量：200，设备：cpu）
2025-12-29 20:24:13,704 - INFO - EarlyStopping counter: 1 out of 5
2025-12-29 20:26:30,557 - INFO - Epoch [5/50], Train Loss: 0.000608, Val Loss: 0.000471
2025-12-29 20:28:46,839 - INFO - EarlyStopping counter: 1 out of 5
2025-12-29 20:33:36,415 - INFO - EarlyStopping counter: 1 out of 5
2025-12-29 20:36:10,236 - INFO - EarlyStopping counter: 2 out of 5
2025-12-29 20:38:41,750 - INFO - Epoch [10/50], Train Loss: 0.000468, Val Loss: 0.000534
2025-12-29 20:38:41,750 - INFO - EarlyStopping counter: 3 out of 5
2025-12-29 20:41:21,678 - INFO - EarlyStopping counter: 4 out of 5
2025-12-29 20:43:58,565 - INFO - EarlyStopping counter: 5 out of 5
2025-12-29 20:43:58,566 - INFO - Restored best model weights from early stopping
2025-12-29 20:43:58,566 - INFO - Early stopping triggered at epoch 12
2025-12-29 20:43:58,567 - INFO - 模型权重保存至：./stock_training_results\models\model_stockCount_200_Attention-LSTM_pytorch.pth
2025-12-29 20:43:58,726 - INFO - 损失曲线保存至：./stock_training_results\loss_curves\loss_curve_stockCount_200_Attention-LSTM_pytorch.png
2025-12-29 20:43:59,241 - INFO - 序列构造完成：总样本数1587，序列长度60，特征数9
2025-12-29 20:43:59,931 - INFO - 序列构造完成：总样本数1702，序列长度60，特征数9
2025-12-29 20:44:01,149 - INFO - 序列构造完成：总样本数3122，序列长度60，特征数9
2025-12-29 20:44:01,476 - INFO - 序列构造完成：总样本数311，序列长度60，特征数9
2025-12-29 20:44:02,435 - INFO - 序列构造完成：总样本数2574，序列长度60，特征数9
2025-12-29 20:44:02,687 - INFO - 序列构造完成：总样本数222，序列长度60，特征数9
2025-12-29 20:44:03,167 - INFO - 序列构造完成：总样本数1124，序列长度60，特征数9
2025-12-29 20:44:03,707 - INFO - 序列构造完成：总样本数1278，序列长度60，特征数9
2025-12-29 20:44:04,163 - INFO - 序列构造完成：总样本数1054，序列长度60，特征数9
2025-12-29 20:44:05,344 - INFO - 序列构造完成：总样本数3132，序列长度60，特征数9
2025-12-29 20:44:06,565 - INFO - 序列构造完成：总样本数3132，序列长度60，特征数9
2025-12-29 20:44:06,955 - INFO - 序列构造完成：总样本数600，序列长度60，特征数9
2025-12-29 20:44:08,127 - INFO - 序列构造完成：总样本数3132，序列长度60，特征数9
2025-12-29 20:44:08,535 - INFO - 序列构造完成：总样本数666，序列长度60，特征数9
2025-12-29 20:44:13,044 - INFO - 序列构造完成：总样本数8973，序列长度60，特征数9
2025-12-29 20:44:14,890 - INFO - 序列构造完成：总样本数3129，序列长度60，特征数9
2025-12-29 20:44:16,146 - INFO - 序列构造完成：总样本数3132，序列长度60，特征数9
2025-12-29 20:44:17,380 - INFO - 序列构造完成：总样本数3132，序列长度60，特征数9
2025-12-29 20:44:17,942 - INFO - 序列构造完成：总样本数1169，序列长度60，特征数9
2025-12-29 20:44:19,109 - INFO - 序列构造完成：总样本数3112，序列长度60，特征数9
2025-12-29 20:44:19,700 - INFO - 序列构造完成：总样本数1263，序列长度60，特征数9
2025-12-29 20:44:20,402 - INFO - 序列构造完成：总样本数1743，序列长度60，特征数9
2025-12-29 20:44:20,765 - INFO - 序列构造完成：总样本数690，序列长度60，特征数9
2025-12-29 20:44:21,961 - INFO - 序列构造完成：总样本数3132，序列长度60，特征数9
2025-12-29 20:44:22,483 - INFO - 序列构造完成：总样本数1078，序列长度60，特征数9
2025-12-29 20:44:22,630 - INFO - 股票数量=200 - LSTM 泛化能力评估（平均）：
2025-12-29 20:44:22,630 - INFO - MAE=3.01, MSE=209.25, RMSE=3.95, R2=0.9504
2025-12-29 20:44:23,101 - INFO - 序列构造完成：总样本数1587，序列长度60，特征数9
2025-12-29 20:44:23,800 - INFO - 序列构造完成：总样本数1702，序列长度60，特征数9
2025-12-29 20:44:25,017 - INFO - 序列构造完成：总样本数3122，序列长度60，特征数9
2025-12-29 20:44:25,408 - INFO - 序列构造完成：总样本数311，序列长度60，特征数9
2025-12-29 20:44:26,483 - INFO - 序列构造完成：总样本数2574，序列长度60，特征数9
2025-12-29 20:44:26,786 - INFO - 序列构造完成：总样本数222，序列长度60，特征数9
2025-12-29 20:44:27,281 - INFO - 序列构造完成：总样本数1124，序列长度60，特征数9
2025-12-29 20:44:27,850 - INFO - 序列构造完成：总样本数1278，序列长度60，特征数9
2025-12-29 20:44:28,334 - INFO - 序列构造完成：总样本数1054，序列长度60，特征数9
2025-12-29 20:44:29,519 - INFO - 序列构造完成：总样本数3132，序列长度60，特征数9
2025-12-29 20:44:30,821 - INFO - 序列构造完成：总样本数3132，序列长度60，特征数9
2025-12-29 20:44:31,271 - INFO - 序列构造完成：总样本数600，序列长度60，特征数9
2025-12-29 20:44:32,455 - INFO - 序列构造完成：总样本数3132，序列长度60，特征数9
2025-12-29 20:44:32,917 - INFO - 序列构造完成：总样本数666，序列长度60，特征数9
2025-12-29 20:44:37,160 - INFO - 序列构造完成：总样本数8973，序列长度60，特征数9
2025-12-29 20:44:39,089 - INFO - 序列构造完成：总样本数3129，序列长度60，特征数9
2025-12-29 20:44:40,447 - INFO - 序列构造完成：总样本数3132，序列长度60，特征数9
2025-12-29 20:44:41,742 - INFO - 序列构造完成：总样本数3132，序列长度60，特征数9
2025-12-29 20:44:42,368 - INFO - 序列构造完成：总样本数1169，序列长度60，特征数9
2025-12-29 20:44:43,546 - INFO - 序列构造完成：总样本数3112，序列长度60，特征数9
2025-12-29 20:44:44,178 - INFO - 序列构造完成：总样本数1263，序列长度60，特征数9
2025-12-29 20:44:44,867 - INFO - 序列构造完成：总样本数1743，序列长度60，特征数9
2025-12-29 20:44:45,269 - INFO - 序列构造完成：总样本数690，序列长度60，特征数9
2025-12-29 20:44:46,460 - INFO - 序列构造完成：总样本数3132，序列长度60，特征数9
2025-12-29 20:44:47,040 - INFO - 序列构造完成：总样本数1078，序列长度60，特征数9
2025-12-29 20:44:47,210 - INFO - 股票数量=200 - GRU 泛化能力评估（平均）：
2025-12-29 20:44:47,210 - INFO - MAE=4.37, MSE=368.16, RMSE=5.27, R2=0.8951
2025-12-29 20:44:47,678 - INFO - 序列构造完成：总样本数1587，序列长度60，特征数9
2025-12-29 20:44:48,342 - INFO - 序列构造完成：总样本数1702，序列长度60，特征数9
2025-12-29 20:44:49,535 - INFO - 序列构造完成：总样本数3122，序列长度60，特征数9
2025-12-29 20:44:49,840 - INFO - 序列构造完成：总样本数311，序列长度60，特征数9
2025-12-29 20:44:50,793 - INFO - 序列构造完成：总样本数2574，序列长度60，特征数9
2025-12-29 20:44:51,073 - INFO - 序列构造完成：总样本数222，序列长度60，特征数9
2025-12-29 20:44:51,549 - INFO - 序列构造完成：总样本数1124，序列长度60，特征数9
2025-12-29 20:44:52,076 - INFO - 序列构造完成：总样本数1278，序列长度60，特征数9
2025-12-29 20:44:52,529 - INFO - 序列构造完成：总样本数1054，序列长度60，特征数9
2025-12-29 20:44:53,726 - INFO - 序列构造完成：总样本数3132，序列长度60，特征数9
2025-12-29 20:44:54,937 - INFO - 序列构造完成：总样本数3132，序列长度60，特征数9
2025-12-29 20:44:55,310 - INFO - 序列构造完成：总样本数600，序列长度60，特征数9
2025-12-29 20:44:56,462 - INFO - 序列构造完成：总样本数3132，序列长度60，特征数9
2025-12-29 20:44:56,865 - INFO - 序列构造完成：总样本数666，序列长度60，特征数9
2025-12-29 20:45:00,939 - INFO - 序列构造完成：总样本数8973，序列长度60，特征数9
2025-12-29 20:45:02,595 - INFO - 序列构造完成：总样本数3129，序列长度60，特征数9
2025-12-29 20:45:03,825 - INFO - 序列构造完成：总样本数3132，序列长度60，特征数9
2025-12-29 20:45:05,157 - INFO - 序列构造完成：总样本数3132，序列长度60，特征数9
2025-12-29 20:45:05,703 - INFO - 序列构造完成：总样本数1169，序列长度60，特征数9
2025-12-29 20:45:06,852 - INFO - 序列构造完成：总样本数3112，序列长度60，特征数9
2025-12-29 20:45:07,428 - INFO - 序列构造完成：总样本数1263，序列长度60，特征数9
2025-12-29 20:45:08,090 - INFO - 序列构造完成：总样本数1743，序列长度60，特征数9
2025-12-29 20:45:08,443 - INFO - 序列构造完成：总样本数690，序列长度60，特征数9
2025-12-29 20:45:09,600 - INFO - 序列构造完成：总样本数3132，序列长度60，特征数9
2025-12-29 20:45:10,118 - INFO - 序列构造完成：总样本数1078，序列长度60，特征数9
2025-12-29 20:45:10,257 - INFO - 股票数量=200 - CNN-LSTM 泛化能力评估（平均）：
2025-12-29 20:45:10,257 - INFO - MAE=3.01, MSE=191.15, RMSE=3.91, R2=0.9429
2025-12-29 20:45:10,720 - INFO - 序列构造完成：总样本数1587，序列长度60，特征数9
2025-12-29 20:45:11,435 - INFO - 序列构造完成：总样本数1702，序列长度60，特征数9
2025-12-29 20:45:12,655 - INFO - 序列构造完成：总样本数3122，序列长度60，特征数9
2025-12-29 20:45:13,053 - INFO - 序列构造完成：总样本数311，序列长度60，特征数9
2025-12-29 20:45:14,005 - INFO - 序列构造完成：总样本数2574，序列长度60，特征数9
2025-12-29 20:45:14,333 - INFO - 序列构造完成：总样本数222，序列长度60，特征数9
2025-12-29 20:45:14,801 - INFO - 序列构造完成：总样本数1124，序列长度60，特征数9
2025-12-29 20:45:15,345 - INFO - 序列构造完成：总样本数1278，序列长度60，特征数9
2025-12-29 20:45:15,865 - INFO - 序列构造完成：总样本数1054，序列长度60，特征数9
2025-12-29 20:45:17,097 - INFO - 序列构造完成：总样本数3132，序列长度60，特征数9
2025-12-29 20:45:18,441 - INFO - 序列构造完成：总样本数3132，序列长度60，特征数9
2025-12-29 20:45:18,924 - INFO - 序列构造完成：总样本数600，序列长度60，特征数9
2025-12-29 20:45:20,090 - INFO - 序列构造完成：总样本数3132，序列长度60，特征数9
2025-12-29 20:45:20,580 - INFO - 序列构造完成：总样本数666，序列长度60，特征数9
2025-12-29 20:45:24,672 - INFO - 序列构造完成：总样本数8973，序列长度60，特征数9
2025-12-29 20:45:26,584 - INFO - 序列构造完成：总样本数3129，序列长度60，特征数9
2025-12-29 20:45:27,919 - INFO - 序列构造完成：总样本数3132，序列长度60，特征数9
2025-12-29 20:45:29,275 - INFO - 序列构造完成：总样本数3132，序列长度60，特征数9
2025-12-29 20:45:30,006 - INFO - 序列构造完成：总样本数1169，序列长度60，特征数9
2025-12-29 20:45:31,413 - INFO - 序列构造完成：总样本数3112，序列长度60，特征数9
2025-12-29 20:45:32,111 - INFO - 序列构造完成：总样本数1263，序列长度60，特征数9
2025-12-29 20:45:32,826 - INFO - 序列构造完成：总样本数1743，序列长度60，特征数9
2025-12-29 20:45:33,233 - INFO - 序列构造完成：总样本数690，序列长度60，特征数9
2025-12-29 20:45:34,418 - INFO - 序列构造完成：总样本数3132，序列长度60，特征数9
2025-12-29 20:45:35,022 - INFO - 序列构造完成：总样本数1078，序列长度60，特征数9
2025-12-29 20:45:35,219 - INFO - 股票数量=200 - Attention-LSTM 泛化能力评估（平均）：
2025-12-29 20:45:35,219 - INFO - MAE=1.32, MSE=36.41, RMSE=1.70, R2=0.9879
2025-12-29 20:45:35,220 - INFO - 股票数量200：所有模型评估完成，结果已保存
2025-12-29 20:45:35,220 - INFO - 
=====================================
2025-12-29 20:45:35,220 - INFO - 开始处理股票数量：500
2025-12-29 20:45:35,220 - INFO - =====================================

2025-12-29 20:45:35,225 - INFO - 总股票文件数：7195
2025-12-29 20:45:35,225 - INFO - 开始收集25只有效预留测试股票...
2025-12-29 20:45:35,676 - INFO - 预留测试股票收集进度：5/25
2025-12-29 20:45:36,198 - INFO - 预留测试股票收集进度：10/25
2025-12-29 20:45:36,398 - INFO - 预留测试股票收集进度：15/25
2025-12-29 20:45:36,652 - INFO - 预留测试股票收集进度：20/25
2025-12-29 20:45:36,948 - INFO - 预留测试股票收集进度：25/25
2025-12-29 20:45:36,948 - INFO - 预留测试股票收集完成：共25只有效股票（目标25只）
2025-12-29 20:45:36,948 - INFO - 预留测试股票数量达标！
2025-12-29 20:45:36,950 - INFO - 可用于训练的股票文件数：7170，开始遍历收集500只有效训练股票...
2025-12-29 20:45:37,419 - INFO - 训练股票收集进度：10/500
2025-12-29 20:45:37,981 - INFO - 训练股票收集进度：20/500
2025-12-29 20:45:38,602 - INFO - 训练股票收集进度：30/500
2025-12-29 20:45:38,875 - INFO - 训练股票收集进度：40/500
2025-12-29 20:45:39,178 - INFO - 训练股票收集进度：50/500
2025-12-29 20:45:39,460 - INFO - 训练股票收集进度：60/500
2025-12-29 20:45:39,773 - INFO - 训练股票收集进度：70/500
2025-12-29 20:45:39,809 - ERROR - 加载训练股票accp.us失败：No columns to parse from file，继续遍历下一支
2025-12-29 20:45:39,974 - INFO - 训练股票收集进度：80/500
2025-12-29 20:45:40,256 - INFO - 训练股票收集进度：90/500
2025-12-29 20:45:40,459 - ERROR - 加载训练股票gnst.us失败：No columns to parse from file，继续遍历下一支
2025-12-29 20:45:40,495 - INFO - 训练股票收集进度：100/500
2025-12-29 20:45:40,744 - INFO - 训练股票收集进度：110/500
2025-12-29 20:45:40,966 - INFO - 训练股票收集进度：120/500
2025-12-29 20:45:41,212 - INFO - 训练股票收集进度：130/500
2025-12-29 20:45:41,476 - INFO - 训练股票收集进度：140/500
2025-12-29 20:45:41,671 - INFO - 训练股票收集进度：150/500
2025-12-29 20:45:41,960 - INFO - 训练股票收集进度：160/500
2025-12-29 20:45:42,269 - INFO - 训练股票收集进度：170/500
2025-12-29 20:45:42,559 - INFO - 训练股票收集进度：180/500
2025-12-29 20:45:42,948 - INFO - 训练股票收集进度：190/500
2025-12-29 20:45:43,370 - INFO - 训练股票收集进度：200/500
2025-12-29 20:45:43,796 - INFO - 训练股票收集进度：210/500
2025-12-29 20:45:44,075 - INFO - 训练股票收集进度：220/500
2025-12-29 20:45:44,394 - INFO - 训练股票收集进度：230/500
2025-12-29 20:45:44,645 - INFO - 训练股票收集进度：240/500
2025-12-29 20:45:44,908 - INFO - 训练股票收集进度：250/500
2025-12-29 20:45:45,147 - INFO - 训练股票收集进度：260/500
2025-12-29 20:45:45,409 - INFO - 训练股票收集进度：270/500
2025-12-29 20:45:45,961 - INFO - 训练股票收集进度：280/500
2025-12-29 20:45:46,181 - INFO - 训练股票收集进度：290/500
2025-12-29 20:45:46,523 - INFO - 训练股票收集进度：300/500
2025-12-29 20:45:46,830 - INFO - 训练股票收集进度：310/500
2025-12-29 20:45:47,194 - INFO - 训练股票收集进度：320/500
2025-12-29 20:45:47,512 - INFO - 训练股票收集进度：330/500
2025-12-29 20:45:47,760 - INFO - 训练股票收集进度：340/500
2025-12-29 20:45:48,058 - INFO - 训练股票收集进度：350/500
2025-12-29 20:45:48,406 - INFO - 训练股票收集进度：360/500
2025-12-29 20:45:48,933 - INFO - 训练股票收集进度：370/500
2025-12-29 20:45:49,227 - INFO - 训练股票收集进度：380/500
2025-12-29 20:45:49,582 - INFO - 训练股票收集进度：390/500
2025-12-29 20:45:49,904 - INFO - 训练股票收集进度：400/500
2025-12-29 20:45:50,158 - INFO - 训练股票收集进度：410/500
2025-12-29 20:45:50,549 - INFO - 训练股票收集进度：420/500
2025-12-29 20:45:50,832 - INFO - 训练股票收集进度：430/500
2025-12-29 20:45:51,152 - INFO - 训练股票收集进度：440/500
2025-12-29 20:45:51,427 - INFO - 训练股票收集进度：450/500
2025-12-29 20:45:51,749 - INFO - 训练股票收集进度：460/500
2025-12-29 20:45:51,879 - ERROR - 加载训练股票stnl.us失败：No columns to parse from file，继续遍历下一支
2025-12-29 20:45:52,022 - INFO - 训练股票收集进度：470/500
2025-12-29 20:45:52,408 - INFO - 训练股票收集进度：480/500
2025-12-29 20:45:52,651 - INFO - 训练股票收集进度：490/500
2025-12-29 20:45:52,839 - INFO - 训练股票收集进度：500/500
2025-12-29 20:45:52,839 - INFO - 训练股票收集完成：成功获取500只有效训练股票（目标500只）
2025-12-29 20:54:06,410 - INFO - 序列构造完成：总样本数1009645，序列长度60，特征数9
2025-12-29 20:54:07,301 - INFO - 数据集划分：训练集(807716, 60, 9)，验证集(100964, 60, 9)，内部测试集(100965, 60, 9)
2025-12-29 20:54:12,843 - INFO - 当前模型训练日志将保存至：./stock_training_results\logs\training_log_stockCount_500_LSTM_pytorch.csv
2025-12-29 20:54:12,982 - INFO - 开始训练LSTM模型（股票数量：500，设备：cpu）
2025-12-29 21:16:58,061 - INFO - EarlyStopping counter: 1 out of 5
2025-12-29 21:24:33,305 - INFO - EarlyStopping counter: 2 out of 5
2025-12-29 21:32:08,878 - INFO - Epoch [5/50], Train Loss: 0.000535, Val Loss: 0.003017
2025-12-29 21:32:08,878 - INFO - EarlyStopping counter: 3 out of 5
2025-12-29 21:47:26,028 - INFO - EarlyStopping counter: 1 out of 5
2025-12-29 21:55:07,053 - INFO - EarlyStopping counter: 2 out of 5
2025-12-29 22:10:17,876 - INFO - Epoch [10/50], Train Loss: 0.000462, Val Loss: 0.002223
2025-12-29 22:17:53,480 - INFO - EarlyStopping counter: 1 out of 5
2025-12-29 22:25:28,036 - INFO - EarlyStopping counter: 2 out of 5
2025-12-29 22:33:03,196 - INFO - EarlyStopping counter: 3 out of 5
2025-12-29 22:40:37,862 - INFO - EarlyStopping counter: 4 out of 5
2025-12-29 22:48:12,904 - INFO - Epoch [15/50], Train Loss: 0.000434, Val Loss: 0.002199
2025-12-29 23:03:22,428 - INFO - EarlyStopping counter: 1 out of 5
2025-12-29 23:18:32,632 - INFO - EarlyStopping counter: 1 out of 5
2025-12-29 23:26:07,530 - INFO - Epoch [20/50], Train Loss: 0.000416, Val Loss: 0.002063
2025-12-29 23:26:07,530 - INFO - EarlyStopping counter: 2 out of 5
2025-12-29 23:33:42,512 - INFO - EarlyStopping counter: 3 out of 5
2025-12-29 23:48:52,950 - INFO - EarlyStopping counter: 1 out of 5
2025-12-30 00:04:03,144 - INFO - Epoch [25/50], Train Loss: 0.000405, Val Loss: 0.001963
2025-12-30 00:04:03,144 - INFO - EarlyStopping counter: 1 out of 5
2025-12-30 00:11:38,049 - INFO - EarlyStopping counter: 2 out of 5
2025-12-30 00:26:47,932 - INFO - EarlyStopping counter: 1 out of 5
2025-12-30 00:34:22,689 - INFO - EarlyStopping counter: 2 out of 5
2025-12-30 00:41:57,366 - INFO - Epoch [30/50], Train Loss: 0.000389, Val Loss: 0.002012
2025-12-30 00:41:57,367 - INFO - EarlyStopping counter: 3 out of 5
2025-12-30 00:57:05,853 - INFO - EarlyStopping counter: 1 out of 5
2025-12-30 01:19:49,721 - INFO - Epoch [35/50], Train Loss: 0.000409, Val Loss: 0.001807
2025-12-30 01:19:49,721 - INFO - EarlyStopping counter: 1 out of 5
2025-12-30 01:27:24,396 - INFO - EarlyStopping counter: 2 out of 5
2025-12-30 01:34:58,977 - INFO - EarlyStopping counter: 3 out of 5
2025-12-30 01:42:33,766 - INFO - EarlyStopping counter: 4 out of 5
2025-12-30 01:57:46,573 - INFO - Epoch [40/50], Train Loss: 0.000376, Val Loss: 0.001827
2025-12-30 01:57:46,573 - INFO - EarlyStopping counter: 1 out of 5
2025-12-30 02:05:21,586 - INFO - EarlyStopping counter: 2 out of 5
2025-12-30 02:12:56,420 - INFO - EarlyStopping counter: 3 out of 5
2025-12-30 02:20:31,658 - INFO - EarlyStopping counter: 4 out of 5
2025-12-30 02:28:15,205 - INFO - EarlyStopping counter: 5 out of 5
2025-12-30 02:28:15,205 - INFO - Restored best model weights from early stopping
2025-12-30 02:28:15,205 - INFO - Early stopping triggered at epoch 44
2025-12-30 02:28:15,237 - INFO - 模型权重保存至：./stock_training_results\models\model_stockCount_500_LSTM_pytorch.pth
2025-12-30 02:28:15,541 - INFO - 损失曲线保存至：./stock_training_results\loss_curves\loss_curve_stockCount_500_LSTM_pytorch.png
2025-12-30 02:28:15,938 - INFO - 当前模型训练日志将保存至：./stock_training_results\logs\training_log_stockCount_500_GRU_pytorch.csv
2025-12-30 02:28:15,938 - INFO - 开始训练GRU模型（股票数量：500，设备：cpu）
2025-12-30 02:50:25,503 - INFO - EarlyStopping counter: 1 out of 5
